-- config
INSERT INTO swconfig (id, logo) VALUES ('1', 'logo_company.gif');

-- language
--INSERT INTO swlanguage (id, kor, eng) VALUES ('Add', '추가', 'Add');
--INSERT INTO swlanguage (id, kor, eng) VALUES ('AdvancedSearch', '상세필터', 'Advanced Search');
--INSERT INTO swlanguage (id, kor, eng) VALUES ('BusinessTrip', '출장', 'Business Trip');
--INSERT INTO swlanguage (id, kor, eng) VALUES ('Cancel', '취소', 'Cancel');
--INSERT INTO swlanguage (id, kor, eng) VALUES ('Category', '카테고리', 'Category');
--INSERT INTO swlanguage (id, kor, eng) VALUES ('Chart', '차트', 'Chart');
--INSERT INTO swlanguage (id, kor, eng) VALUES ('Comments', '댓글', 'Comments');
--INSERT INTO swlanguage (id, kor, eng) VALUES ('Company', '회사', 'Company');
--INSERT INTO swlanguage (id, kor, eng) VALUES ('Complete', '완료', 'Complete');
--INSERT INTO swlanguage (id, kor, eng) VALUES ('Completed', '완료', 'Completed');
--INSERT INTO swlanguage (id, kor, eng) VALUES ('CreateNewReport', '새 보고서작성', 'Create New Report');
--INSERT INTO swlanguage (id, kor, eng) VALUES ('CreateNewSchedule', '새일정 만들기', 'Create New Schedule');
--INSERT INTO swlanguage (id, kor, eng) VALUES ('Dailyroutine', '기본업무', 'Daily routine');
--INSERT INTO swlanguage (id, kor, eng) VALUES ('DataField1', '컬럼명', 'Data Field');
--INSERT INTO swlanguage (id, kor, eng) VALUES ('DataField2', '항목', 'Data Field');
--INSERT INTO swlanguage (id, kor, eng) VALUES ('DataType', '표시형식', 'Data Type');
--INSERT INTO swlanguage (id, kor, eng) VALUES ('Date', '작성날짜', 'Date');
--INSERT INTO swlanguage (id, kor, eng) VALUES ('DateSuspended', '중지일자', 'Date Suspended');
--INSERT INTO swlanguage (id, kor, eng) VALUES ('Default', '기본 ', 'Default');
--INSERT INTO swlanguage (id, kor, eng) VALUES ('DelegatedTasks', '지시한 업무', 'Delegated Tasks');
--INSERT INTO swlanguage (id, kor, eng) VALUES ('Delete', '삭제', 'Delete');
--INSERT INTO swlanguage (id, kor, eng) VALUES ('Department', '부서', 'Department');
--INSERT INTO swlanguage (id, kor, eng) VALUES ('DueDate', '처리기한', 'Due Date');
--INSERT INTO swlanguage (id, kor, eng) VALUES ('Edit1', '수정', 'Edit');
--INSERT INTO swlanguage (id, kor, eng) VALUES ('Edit2', '편집', 'Edit');
--INSERT INTO swlanguage (id, kor, eng) VALUES ('Edit3', '편집업무', 'Edit');
--INSERT INTO swlanguage (id, kor, eng) VALUES ('ExclusiveToMe', '나에게만', 'Exclusive to Me');
--INSERT INTO swlanguage (id, kor, eng) VALUES ('Filtering', '조건', 'Filtering');
--INSERT INTO swlanguage (id, kor, eng) VALUES ('FinishedDate', '처리일자', 'Finished Date');
--INSERT INTO swlanguage (id, kor, eng) VALUES ('FinishedTasks', '처리한 업무', 'Finished Tasks');
--INSERT INTO swlanguage (id, kor, eng) VALUES ('ForgotyourIDPassword', '아이디패스워드 찾기', 'Forgot your ID/Password?');
--INSERT INTO swlanguage (id, kor, eng) VALUES ('GoMain', '메인화면에 추가', 'Go Main');
--INSERT INTO swlanguage (id, kor, eng) VALUES ('Help', '도움말', 'Help');
--INSERT INTO swlanguage (id, kor, eng) VALUES ('Home', '홈', 'Home');
--INSERT INTO swlanguage (id, kor, eng) VALUES ('ID', '사용자 아이디', 'ID');
--INSERT INTO swlanguage (id, kor, eng) VALUES ('KeywordSearch', '태그', 'Keyword Search');
--INSERT INTO swlanguage (id, kor, eng) VALUES ('List', '목록보기', 'List');
--INSERT INTO swlanguage (id, kor, eng) VALUES ('LogIn', '로그인', 'Log In');
--INSERT INTO swlanguage (id, kor, eng) VALUES ('LogOut', '로그아웃', 'Log Out');
--INSERT INTO swlanguage (id, kor, eng) VALUES ('Meeting', '회의', 'Meeting');
--INSERT INTO swlanguage (id, kor, eng) VALUES ('Miscellaneous', '기타', 'Miscellaneous');
--INSERT INTO swlanguage (id, kor, eng) VALUES ('MyTaskList', '내업무함', 'My Task List');
--INSERT INTO swlanguage (id, kor, eng) VALUES ('MyToDoList', '처리할 업무', 'My To Do List');
--INSERT INTO swlanguage (id, kor, eng) VALUES ('Name', '이름', 'Name');
--INSERT INTO swlanguage (id, kor, eng) VALUES ('NameofReport', '보고서 이름', 'Name of Report');
--INSERT INTO swlanguage (id, kor, eng) VALUES ('NoUse', '사용안함', 'No Use');
--INSERT INTO swlanguage (id, kor, eng) VALUES ('NormalDelayed', '지연여부', 'Normal/Delayed');
--INSERT INTO swlanguage (id, kor, eng) VALUES ('OnHoldTasks', '중지된 업무', 'On Hold Tasks');
--INSERT INTO swlanguage (id, kor, eng) VALUES ('Operators', '연산자', 'SearchingConditions');
--INSERT INTO swlanguage (id, kor, eng) VALUES ('Overview', '한눈에', 'Overview');
--INSERT INTO swlanguage (id, kor, eng) VALUES ('Password', '비밀번호', 'Password');
--INSERT INTO swlanguage (id, kor, eng) VALUES ('PersonFillingIn', '처리자', 'Person filling-in');
--INSERT INTO swlanguage (id, kor, eng) VALUES ('PersonInCharge', '담당자', 'Person in Charge');
--INSERT INTO swlanguage (id, kor, eng) VALUES ('PersonalSetup', '개인정보관리', 'Personal Setup');
--INSERT INTO swlanguage (id, kor, eng) VALUES ('Priority', '중요도', 'Priority');
--INSERT INTO swlanguage (id, kor, eng) VALUES ('ProcessView', '다이어그램 보기', 'Process View');
--INSERT INTO swlanguage (id, kor, eng) VALUES ('Progress', '진행', 'Progress');
--INSERT INTO swlanguage (id, kor, eng) VALUES ('RecentTasks', '최근처리항목', 'Recent Tasks');
--INSERT INTO swlanguage (id, kor, eng) VALUES ('ReferenceWork', '대상업무', 'Reference Work');
--INSERT INTO swlanguage (id, kor, eng) VALUES ('RelatedWork', '관련업무', 'Related Work');
--INSERT INTO swlanguage (id, kor, eng) VALUES ('RememberID', '사용자 아이디 기억', 'Remember ID');
--INSERT INTO swlanguage (id, kor, eng) VALUES ('Resume', '재시작', 'Resume');
--INSERT INTO swlanguage (id, kor, eng) VALUES ('Return', '반려', 'Return');
--INSERT INTO swlanguage (id, kor, eng) VALUES ('Role', '직책', 'Role');
--INSERT INTO swlanguage (id, kor, eng) VALUES ('Save', '저장', 'Save');
--INSERT INTO swlanguage (id, kor, eng) VALUES ('SaveAndRun', '저장 및 실행', 'Save & Run');
--INSERT INTO swlanguage (id, kor, eng) VALUES ('ScheduleNotification', '일정알림', 'Schedule Notification');
--INSERT INTO swlanguage (id, kor, eng) VALUES ('Search', '검색', 'Search');
--INSERT INTO swlanguage (id, kor, eng) VALUES ('Selection', '선택', 'Selection');
--INSERT INTO swlanguage (id, kor, eng) VALUES ('ShareWith', '관련자', 'Share with');
--INSERT INTO swlanguage (id, kor, eng) VALUES ('StartDate', '시작일자', 'Start Date');
--INSERT INTO swlanguage (id, kor, eng) VALUES ('Status', '현재상태', 'Status');
--INSERT INTO swlanguage (id, kor, eng) VALUES ('AdministrationSetup', '설정', 'Administration Setup');
--INSERT INTO swlanguage (id, kor, eng) VALUES ('Subject', '제목', 'Subject');
--INSERT INTO swlanguage (id, kor, eng) VALUES ('submit', '댓글등록', 'submit');
--INSERT INTO swlanguage (id, kor, eng) VALUES ('Table', '테이블', 'Table');
--INSERT INTO swlanguage (id, kor, eng) VALUES ('TaskName1', '처리한 태스크명', 'Task Name');
--INSERT INTO swlanguage (id, kor, eng) VALUES ('TaskName2', '태스크명', 'Task Name');
--INSERT INTO swlanguage (id, kor, eng) VALUES ('TaskType', '종류', 'Task Type');
--INSERT INTO swlanguage (id, kor, eng) VALUES ('TemplateWork', '업무명', 'Template Work');
--INSERT INTO swlanguage (id, kor, eng) VALUES ('Type', '유형', 'Type');
--INSERT INTO swlanguage (id, kor, eng) VALUES ('TypeOfReport', '보고서 종류', 'Type of Report');
--INSERT INTO swlanguage (id, kor, eng) VALUES ('Vacation', '휴가', 'Vacation');
--INSERT INTO swlanguage (id, kor, eng) VALUES ('Value', '값', 'Value');
--INSERT INTO swlanguage (id, kor, eng) VALUES ('Work', '업무', 'Work');
--INSERT INTO swlanguage (id, kor, eng) VALUES ('WorkDescription', '제목', 'Work Description');
--INSERT INTO swlanguage (id, kor, eng) VALUES ('WorkHistory', '업무진행이력', 'Work History');
--INSERT INTO swlanguage (id, kor, eng) VALUES ('WorkStarter', '시작자', 'Work Starter');
--INSERT INTO swlanguage (id, kor, eng) VALUES ('WorkStorage', '업무패키지저장소', 'Work Storage');
--INSERT INTO swlanguage (id, kor, eng) VALUES ('WorkType', '종류', 'Work Type');
--INSERT INTO swlanguage (id, kor, eng) VALUES ('Workplace', '업무공간', 'Workplace');
--INSERT INTO swlanguage (id, kor, eng) VALUES ('WrittenBy', '작성자', 'Written By');
--INSERT INTO swlanguage (id, kor, eng) VALUES ('Schedule', '일정', 'Schedule');
--INSERT INTO swlanguage (id, kor, eng) VALUES ('Num', '번호', 'Num');
--INSERT INTO swlanguage (id, kor, eng) VALUES ('Board', '게시판', 'Board');
--INSERT INTO swlanguage (id, kor, eng) VALUES ('ContactPonit', '연락처', 'Contact point');
--INSERT INTO swlanguage (id, kor, eng) VALUES ('Report', '보고서', 'Report');
--INSERT INTO swlanguage (id, kor, eng) VALUES ('Matrix', '매트릭스', 'Matrix');
--INSERT INTO swlanguage (id, kor, eng) VALUES ('Duty', '대상업무', 'Duty');
--INSERT INTO swlanguage (id, kor, eng) VALUES ('And', '그리고', 'and');
--INSERT INTO swlanguage (id, kor, eng) VALUES ('Or', '또는', 'or');
--INSERT INTO swlanguage (id, kor, eng) VALUES ('ColumnChart', '컬럼', 'Column chart');
--INSERT INTO swlanguage (id, kor, eng) VALUES ('BarChart', '바', 'Bar chart');
--INSERT INTO swlanguage (id, kor, eng) VALUES ('LineChart', '라인', 'Line chart');
--INSERT INTO swlanguage (id, kor, eng) VALUES ('AreaChart', '영역', 'Area chart');
--INSERT INTO swlanguage (id, kor, eng) VALUES ('PieChart', '파이', 'Pie chart');
--INSERT INTO swlanguage (id, kor, eng) VALUES ('Email', '이메일', 'email');
--INSERT INTO swlanguage (id, kor, eng) VALUES ('Language', '언어', 'Language');
--INSERT INTO swlanguage (id, kor, eng) VALUES ('Korean', '한국어', 'Korean');
--INSERT INTO swlanguage (id, kor, eng) VALUES ('English', '영어', 'English');
--INSERT INTO swlanguage (id, kor, eng) VALUES ('Number', '숫자', 'Number');
--INSERT INTO swlanguage (id, kor, eng) VALUES ('String', '문자', 'String');
--INSERT INTO swlanguage (id, kor, eng) VALUES ('DateType', '날짜', 'Date');
--INSERT INTO swlanguage (id, kor, eng) VALUES ('TrueOrFalse', '참,거짓', 'True or False');
--INSERT INTO swlanguage (id, kor, eng) VALUES ('Date2', '일자', 'date');
--INSERT INTO swlanguage (id, kor, eng) VALUES ('Place', '장소', 'Place');
--INSERT INTO swlanguage (id, kor, eng) VALUES ('Time', '시간', 'Time');
--INSERT INTO swlanguage (id, kor, eng) VALUES ('AM', '오전', 'A.M.');
--INSERT INTO swlanguage (id, kor, eng) VALUES ('PM', '오후', 'P.M.');
--INSERT INTO swlanguage (id, kor, eng) VALUES ('formerTimes', '이전', 'former times');
--INSERT INTO swlanguage (id, kor, eng) VALUES ('afterThis', '이후', 'after this');
--INSERT INTO swlanguage (id, kor, eng) VALUES ('SetupSearchingCondition', '필터 조건 설정', 'Setup Searching Condition');
--INSERT INTO swlanguage (id, kor, eng) VALUES ('WorkType2', '업무타입', 'Work Type');
--INSERT INTO swlanguage (id, kor, eng) VALUES ('Equal', '같음', 'Equal');
--INSERT INTO swlanguage (id, kor, eng) VALUES ('NotEqual', '같지 않음', 'Not Equal');
--INSERT INTO swlanguage (id, kor, eng) VALUES ('ncluding', '포함', 'ncluding');
--INSERT INTO swlanguage (id, kor, eng) VALUES ('LessThan', '미만', 'Less Than');
--INSERT INTO swlanguage (id, kor, eng) VALUES ('Excess', '초과', 'Excess');
--INSERT INTO swlanguage (id, kor, eng) VALUES ('Below', '이하', 'Below');
--INSERT INTO swlanguage (id, kor, eng) VALUES ('MoreThan', '이상', 'More Than');
--INSERT INTO swlanguage (id, kor, eng) VALUES ('EditProfile', '개인정보관리', 'Edit Profile');
--INSERT INTO swlanguage (id, kor, eng) VALUES ('Position', '직급', 'Position');
--INSERT INTO swlanguage (id, kor, eng) VALUES ('WorldTime', '표준시간대', 'World Time');
--INSERT INTO swlanguage (id, kor, eng) VALUES ('EditMainMenu', '메인컨텐츠관리', 'Edit Main Menu');
--INSERT INTO swlanguage (id, kor, eng) VALUES ('ViewProcessDiagram', '다이어그램보기', 'View Process Diagram');
--INSERT INTO swlanguage (id, kor, eng) VALUES ('Details', '세부내용', 'Details');
--INSERT INTO swlanguage (id, kor, eng) VALUES ('CreateAnewWork', '새업무만들기', 'Create a new work');
--INSERT INTO swlanguage (id, kor, eng) VALUES ('AllItems', '모든 항목', 'All items');
--INSERT INTO swlanguage (id, kor, eng) VALUES ('MyRecentFinishedTasks', '나의 최근 처리항목', 'My Recent Finished Tasks');
--INSERT INTO swlanguage (id, kor, eng) VALUES ('MyFinishedTasks', '나의 처리항목', 'My Finished Tasks');
--INSERT INTO swlanguage (id, kor, eng) VALUES ('PleaseInputKeywords', '검색어를 입력하세요.', 'Please input keywords.');
--INSERT INTO swlanguage (id, kor, eng) VALUES ('PleaseSelectAnItem', '항목을 선택하세요.', 'Please select an item.');
--INSERT INTO swlanguage (id, kor, eng) VALUES ('PleaseSelectTheSearchingConditions', '연산자를 선택하세요.', 'Please select the searching conditions.');
--INSERT INTO swlanguage (id, kor, eng) VALUES ('ThisWorkCanOnlyBeReviewedByTheAuthorizedPerson', '비공개(선택공개)업무는 지정한 사람만 조회할 수 있습니다.', 'This work can only be reviewed by the authorized person.');
--INSERT INTO swlanguage (id, kor, eng) VALUES ('PleaseEnterATitle', '제목을 입력하세요.', 'Please enter a title.');
--INSERT INTO swlanguage (id, kor, eng) VALUES ('PleaseEnterAComment', '댓글을 입력하세요.', 'Please enter a comment.');
--INSERT INTO swlanguage (id, kor, eng) VALUES ('TheWorkIsNotUnderWay', '진행되지 않은 작업입니다.', 'The work is not under way.');
--INSERT INTO swlanguage (id, kor, eng) VALUES ('TheWorkIsInProgress', '현재 진행중인 작업입니다.', 'The work is in progress.');
--INSERT INTO swlanguage (id, kor, eng) VALUES ('PleaseInputAKeyword', '태그를 입력하세요.', 'Please input a keyword(Tag).');
--INSERT INTO swlanguage (id, kor, eng) VALUES ('successfullySaved', '저장하였습니다.', 'successfully saved.');
--INSERT INTO swlanguage (id, kor, eng) VALUES ('Deleted', '삭제하였습니다', 'Deleted.');
--INSERT INTO swlanguage (id, kor, eng) VALUES ('AreYouSureYouWantToDeleteIt', '삭제하시겠습니까?', 'Are you sure you want to delete it?');
--INSERT INTO swlanguage (id, kor, eng) VALUES ('FailedToSave', '저장에 실패하였습니다.', 'Failed to save.');
--INSERT INTO swlanguage (id, kor, eng) VALUES ('FailedToDelete', '삭제에 실패하였습니다.', 'Failed to delete.');
--INSERT INTO swlanguage (id, kor, eng) VALUES ('WorkHasBeenCompleted', '업무를 완료하였습니다.', 'Work has been completed.');
--INSERT INTO swlanguage (id, kor, eng) VALUES ('Failed', '실패하였습니다.', 'Failed.');
--INSERT INTO swlanguage (id, kor, eng) VALUES ('PleaseEnterYourPassword', '비밀번호를 입력하세요.', 'Please enter your password.');
--INSERT INTO swlanguage (id, kor, eng) VALUES ('High', '높음', 'High');
--INSERT INTO swlanguage (id, kor, eng) VALUES ('Middle', '중간', 'Middle');
--INSERT INTO swlanguage (id, kor, eng) VALUES ('Low', '낮음', 'Low');
--INSERT INTO swlanguage (id, kor, eng) VALUES ('ReferenceUserList', '참조자 목록', 'Reference User List');
--INSERT INTO swlanguage (id, kor, eng) VALUES ('PleaseEnterYourPasswordAgain', '비밀번호를 한번 더 입력하세요.', 'Please enter your password again.');
--INSERT INTO swlanguage (id, kor, eng) VALUES ('ScheduleType', '구분', 'Schedule Type');
--INSERT INTO swlanguage (id, kor, eng) VALUES ('PersonalSchedule', '개인일정', 'Personal Schedule');
--INSERT INTO swlanguage (id, kor, eng) VALUES ('Cannotberejectedisthekindofwork', '반려할 수 없는 종류의 업무입니다.', 'Can not be rejected is the kind of work.');
--INSERT INTO swlanguage (id, kor, eng) VALUES ('Hasbeenrejected', '반려하였습니다.', 'Has been rejected.');
--INSERT INTO swlanguage (id, kor, eng) VALUES ('Toreferfailed', '반려가 실패하였습니다.', 'To refer failed.');
--INSERT INTO swlanguage (id, kor, eng) VALUES ('Wouldyouliketodelegate', '위임하시겠습니까?', 'Would you like to delegate?');
--INSERT INTO swlanguage (id, kor, eng) VALUES ('Wouldyouliketorefer', '참조하시겠습니까?', 'Would you like to refer?');
--INSERT INTO swlanguage (id, kor, eng) VALUES ('Hasbeendelegated', '위임하였습니다.', 'Has been delegated.');
--INSERT INTO swlanguage (id, kor, eng) VALUES ('Authorityhasfailed', '위임이 실패하였습니다.', 'Authority has failed.');
--INSERT INTO swlanguage (id, kor, eng) VALUES ('Ihaveforwardedittosee', '참조자에게 전달 하였습니다.', 'I have forwarded it to see.');
--INSERT INTO swlanguage (id, kor, eng) VALUES ('Referencewaspassedtofail', '참조자에게 전달이 실패 하였습니다.', 'Reference was passed to fail.');
--INSERT INTO swlanguage (id, kor, eng) VALUES ('Pleaseselectausertoseeanddo', '업무를 참조 할 사용자를 선택해 주세요.', 'Please select a user to see and do.');
--INSERT INTO swlanguage (id, kor, eng) VALUES ('PleaseCheckYourPassword2', '비밀번호를 확인 하세요.', 'Please check your password.');
--INSERT INTO swlanguage (id, kor, eng) VALUES ('ReferenceTasks', '참조함', 'Reference Tasks');
--INSERT INTO swlanguage (id, kor, eng) VALUES ('Thetaskhasbeenresent', '반려처리 되었습니다.', 'The task has been resent.');
--
--INSERT INTO swlanguage (id, kor, eng) VALUES ('Amender','수정자','Amender');
--INSERT INTO swlanguage (id, kor, eng) VALUES ('Descriptions','상세내용','Descriptions');
--INSERT INTO swlanguage (id, kor, eng) VALUES ('RequirementTime','예상소요시간','Requirement Time');
--INSERT INTO swlanguage (id, kor, eng) VALUES ('Day','일','Day');
--INSERT INTO swlanguage (id, kor, eng) VALUES ('UserList','사용자 목록','User List');
--INSERT INTO swlanguage (id, kor, eng) VALUES ('GanttChart','일정계획','Gantt Chart');
--INSERT INTO swlanguage (id, kor, eng) VALUES ('Filter','필터','Filter');
--INSERT INTO swlanguage (id, kor, eng) VALUES ('Count','갯수','Count');
--INSERT INTO swlanguage (id, kor, eng) VALUES ('Sum','합','Sum');
--INSERT INTO swlanguage (id, kor, eng) VALUES ('Max','최대값','Maximum');
--INSERT INTO swlanguage (id, kor, eng) VALUES ('Min','최소값','Minimum');
--INSERT INTO swlanguage (id, kor, eng) VALUES ('Average','평균','Average');
--INSERT INTO swlanguage (id, kor, eng) VALUES ('Including','포함','including');
--INSERT INTO swlanguage (id, kor, eng) VALUES ('Notincluding','불포함','Not including');
--
--INSERT INTO swlanguage (id, kor, eng) VALUES ('ReferenceNotes', '참조업무', 'Reference Notes');
--INSERT INTO swlanguage (id, kor, eng) VALUES ('AssignedJob', '할당업무', 'Assigned Job');
--INSERT INTO swlanguage (id, kor, eng) VALUES ('Reference', '참조의견', 'Reference');

INSERT INTO sworgcompany (id, name, address, domainId, workItemId, creator, createdTime, modifier, modifiedTime)
VALUES ('Maninsoft', 'Maninsoft', NULL, NULL, NULL, NULL, getdate(), NULL, getdate());

-- dept
INSERT INTO sworgdept (id, companyid, parentid, type, name, description, domainid, workitemid, createdtime, creator) VALUES ('root', NULL, NULL, 'BASIC', '조직도', '조직도 루트', NULL, NULL, NULL, NULL);
INSERT INTO sworgdept (id, companyid, parentid, type, name, description, domainid, workitemid, createdtime, creator) VALUES ('Maninsoft', NULL, 'root', 'BASIC', '맨인소프트', '맨인소프트', NULL, NULL, NULL, NULL);

-- user
INSERT INTO sworguser (id, companyid, deptid, roleid, authid, empno, name, type, pos, email, passwd, lang, stdtime, picture, domainid, workitemid, createdtime, creator) VALUES ('PROCESS', NULL, NULL, NULL, 'USER', NULL, '시작', 'SYSTEM', '프로세스', NULL, '1', NULL, NULL, NULL, NULL, NULL, getdate(), 'admin');
INSERT INTO sworguser (id, companyid, deptid, roleid, authid, empno, name, type, pos, email, passwd, lang, stdtime, picture, domainid, workitemid, createdtime, creator, locale, timeZone) VALUES ('admin@maninsoft.co.kr', 'Maninsoft', 'Maninsoft', 'DEPT LEADER', 'ADMINISTRATOR', NULL, '관리자', 'SYSTEM', '시스템', NULL, '1', NULL, NULL, NULL, NULL, NULL, getdate(), 'admin', 'ko', 'Asia/Seoul');

-- role
INSERT INTO sworgrole (id, companyid, name, description, domainid, workitemid, createdtime, creator) VALUES ('ADMINISTRATOR', NULL, '시스템 관리자', '시스템 관리자', 'md_cc8ba6fe661b45e0b6dd5a8ffd21b091', NULL, getdate(), 'admin');
INSERT INTO sworgrole (id, companyid, name, description, domainid, workitemid, createdtime, creator) VALUES ('USER', NULL, '일반 사용자', '일반 사용자', 'md_cc8ba6fe661b45e0b6dd5a8ffd21b091', NULL, getdate(), 'admin');
INSERT INTO sworgrole (id, companyid, name, description, domainid, workitemid, createdtime, creator) VALUES ('OPERATOR', NULL, '운영자', '포털 운영자', 'md_cc8ba6fe661b45e0b6dd5a8ffd21b091', NULL, getdate(), 'admin');

-- category
INSERT INTO swcategory (id, companyId, parentid, name, description, disporder, creator, createdtime, modifier, modifiedtime) VALUES ('root', 'Maninsoft', NULL, '루트', '카테고리 루트', 0, 'admin', getdate(), 'admin', getdate());
INSERT INTO swcategory (id, companyId, parentid, name, description, disporder, creator, createdtime, modifier, modifiedtime) VALUES ('_PKG_ROOT_', 'Maninsoft', 'root', '패키지 루트', '패키지 카테고리 루트', 0, 'admin', getdate(), 'admin', getdate());
INSERT INTO swcategory (id, companyId, parentid, name, description, disporder, creator, createdtime, modifier, modifiedtime) VALUES ('_CODE_ROOT_', 'Maninsoft', 'root', '코드 루트', '코드 카테고리 루트', 0, 'admin', getdate(), 'admin', getdate());
INSERT INTO swcategory (id, companyId, parentid, name, description, disporder, creator, createdtime, modifier, modifiedtime) VALUES ('1', 'Maninsoft', '_PKG_ROOT_', '테스트', '테스트 카테고리',1, 'admin', getdate(), 'admin', getdate());
INSERT INTO swcategory (id, companyId, parentid, name, description, disporder, creator, createdtime, modifier, modifiedtime) VALUES ('SYSTEM_CODE', 'Maninsoft', '_CODE_ROOT_', '시스템 코드 루트', '시스텀 카테고리', 0, 'admin', getdate(), 'admin', getdate());
INSERT INTO swcategory (id, companyId, parentid, name, description, disporder, creator, createdtime, modifier, modifiedtime) VALUES ('SYSTEM_STATUS_CODE', 'Maninsoft', 'SYSTEM_CODE', '시스템 상태코드', '시스템 상태 코드', 0, 'admin', getdate(), 'admin', getdate());
INSERT INTO swcategory (id, companyId, parentid, name, description, disporder, creator, createdtime, modifier, modifiedtime) VALUES ('PROCESS_STATUS_CODE', 'Maninsoft', 'SYSTEM_STATUS_CODE', '프로세스 상태 코드', '프로세스 상태 코드', 0, 'admin', getdate(), 'admin', getdate());
INSERT INTO swcategory (id, companyId, parentid, name, description, disporder, creator, createdtime, modifier, modifiedtime) VALUES ('WORK_STATUS_CODE', 'Maninsoft', 'SYSTEM_STATUS_CODE', '업무 상태 코드', '업무 상태 코드', 0, 'admin', getdate(), 'admin', getdate());
INSERT INTO swcategory (id, companyId, parentid, name, description, disporder, creator, createdtime, modifier, modifiedtime) VALUES ('BUSINESS_CODE', 'Maninsoft', 'BUSINESS_CODE', '업무 코드', '업무 코드', 0, 'admin', getdate(), 'admin', getdate());
INSERT INTO swcategory (id, companyId, parentid, name, description, disporder, creator, createdtime, modifier, modifiedtime) VALUES ('40288afb1b25f00b011b25f3c7950001', 'Maninsoft', '_PKG_ROOT_', '기본', '기본', 0, 'admin', getdate(), 'admin', getdate());
INSERT INTO swcategory (id, companyId, parentid, name, description, disporder, creator, createdtime, modifier, modifiedtime) VALUES ('52fca4b219fef4f50119ffcd871b0000', 'Maninsoft', '_PKG_ROOT_', '[받은업무]', '[받은업무]', 0, 'admin', getdate(), 'admin', getdate());

-- code
--INSERT INTO swcode (id, categoryid, code, name, disporder, description) VALUES ('1', 'PROCESS_STATUS_CODE', '0', '상태없음', 0, '상태없음');
--INSERT INTO swcode (id, categoryid, code, name, disporder, description) VALUES ('10', 'WORK_STATUS_CODE', '1', '생성됨', 0, '생성됨');
--INSERT INTO swcode (id, categoryid, code, name, disporder, description) VALUES ('11', 'WORK_STATUS_CODE', '2', '실행 준비', 1, '실행준비');
--INSERT INTO swcode (id, categoryid, code, name, disporder, description) VALUES ('12', 'WORK_STATUS_CODE', '11', '실행 중', 2, '실행 중');
--INSERT INTO swcode (id, categoryid, code, name, disporder, description) VALUES ('13', 'WORK_STATUS_CODE', '12', '완료 대기 중', 3, '완료 대기 중');
--INSERT INTO swcode (id, categoryid, code, name, disporder, description) VALUES ('14', 'WORK_STATUS_CODE', '13', '서스펜드', 4, '서스펜드');
--INSERT INTO swcode (id, categoryid, code, name, disporder, description) VALUES ('15', 'WORK_STATUS_CODE', '19', '실행 실패', 5, '실행 실패');
--INSERT INTO swcode (id, categoryid, code, name, disporder, description) VALUES ('2', 'PROCESS_STATUS_CODE', '1', '실행 준비', 1, '실행 준비 상태');
--INSERT INTO swcode (id, categoryid, code, name, disporder, description) VALUES ('21', 'WORK_STATUS_CODE', '21', '완료', 6, '완료');
--INSERT INTO swcode (id, categoryid, code, name, disporder, description) VALUES ('22', 'WORK_STATUS_CODE', '22', '중단', 7, '중단');
--INSERT INTO swcode (id, categoryid, code, name, disporder, description) VALUES ('3', 'PROCESS_STATUS_CODE', '2', '실행 중', 2, '실행 중');
--INSERT INTO swcode (id, categoryid, code, name, disporder, description) VALUES ('4', 'PROCESS_STATUS_CODE', '3', '완료', 3, '실행 완료');
--INSERT INTO swcode (id, categoryid, code, name, disporder, description) VALUES ('5', 'PROCESS_STATUS_CODE', '4', '서스펜드', 4, '서스펜드');
--INSERT INTO swcode (id, categoryid, code, name, disporder, description) VALUES ('6', 'PROCESS_STATUS_CODE', '5', '취소', 5, '취소');
--INSERT INTO swcode (id, categoryid, code, name, disporder, description) VALUES ('7', 'PROCESS_STATUS_CODE', '6', '비정상 종료', 6, '비정상 종료');
--INSERT INTO swcode (id, categoryid, code, name, disporder, description) VALUES ('8', 'PROCESS_STATUS_CODE', '7', '중단', 7, '중단');
--INSERT INTO swcode (id, categoryid, code, name, disporder, description) VALUES ('9', 'PROCESS_STATUS_CODE', '8', '에러', 8, '에러');

-- package
--INSERT INTO swpackage (id, categoryid, packageid, version, name, type, status, latestdeployedyn, creator, createdtime, modifier, modifiedtime, description) VALUES ('4028809b1bd3a395011bd3aa1d900001', '40288afb1b25f00b011b25f3c7950001', 'pkg_19281471d5c9404392fea653e627da9e', 1, '문서관리', 'SINGLE', 'DEPLOYED', 'Y', 'admin', getdate(), 'admin', getdate(), '문서관리');
INSERT INTO swpackage (id, categoryid, packageid, version, name, type, status, latestdeployedyn, creator, createdtime, modifier, modifiedtime, description) VALUES ('4028809b1bd3a395011bd3afbd540002', '40288afb1b25f00b011b25f3c7950001', 'pkg_af2c5abbdc694feab78b2706c31f3bde', 1, '게시판', 'SINGLE', 'DEPLOYED', 'Y', 'admin', getdate(), 'admin', getdate(), '게시판');
--INSERT INTO swpackage (id, categoryid, packageid, version, name, type, status, latestdeployedyn, creator, createdtime, modifier, modifiedtime, description) VALUES ('40288afb1b25f00b011b25f3fda50002', '40288afb1b25f00b011b25f3c7950001', 'pkg_24245093482e404fae15a7b48a55f854', 1, '일정관리', 'SINGLE', 'DEPLOYED', 'Y', 'admin', getdate(), 'admin', getdate(), '일정관리');
INSERT INTO swpackage (id, categoryid, packageid, version, name, type, status, latestdeployedyn, creator, createdtime, modifier, modifiedtime, description) VALUES ('40288afb1b27e637011b27e901590001', '40288afb1b25f00b011b25f3c7950001', 'pkg_fbbd1761c3f144d49337dc38119caa28', 1, '회사관리', 'SINGLE', 'DEPLOYED', 'Y', 'admin', getdate(), 'admin', getdate(), '회사관리');
INSERT INTO swpackage (id, categoryid, packageid, version, name, type, status, latestdeployedyn, creator, createdtime, modifier, modifiedtime, description) VALUES ('40288afb1b280665011b281059a50003', '40288afb1b25f00b011b25f3c7950001', 'pkg_c2156de59c14435bb551c61c1593a442', 1, '부서관리', 'SINGLE', 'DEPLOYED', 'Y', 'admin', getdate(), 'admin', getdate(), '부서관리');
INSERT INTO swpackage (id, categoryid, packageid, version, name, type, status, latestdeployedyn, creator, createdtime, modifier, modifiedtime, description) VALUES ('40288afb1b280665011b282f62bd000c', '40288afb1b25f00b011b25f3c7950001', 'pkg_dde3f719c50143cd821e6c46e8df8655', 1, '연락처관리', 'SINGLE', 'DEPLOYED', 'Y', 'admin', getdate(), 'admin', getdate(), '연락처관리');
INSERT INTO swpackage (id, categoryid, packageid, version, name, type, status, latestdeployedyn, creator, createdtime, modifier, modifiedtime, description) VALUES ('40288afb1b280665011b28192c200006', '40288afb1b25f00b011b25f3c7950001', 'pkg_df40ac03a33c41d59586e4b201b433fd', 1, '역할관리', 'SINGLE', 'DEPLOYED', 'Y', 'admin', getdate(), 'admin', getdate(), '역할관리');
INSERT INTO swpackage (id, categoryid, packageid, version, name, type, status, latestdeployedyn, creator, createdtime, modifier, modifiedtime, description) VALUES ('ff8080811b3037ba011b30408d330001', '40288afb1b25f00b011b25f3c7950001', 'pkg_394ea78cec37434d922c73f09ab4b24e', 1, '사용자관리', 'SINGLE', 'DEPLOYED', 'Y', 'admin', getdate(), 'admin', getdate(), '사용자관리');

-- 새로추가 
INSERT INTO swpackage (id, categoryid, packageid, version, name, type, status, latestdeployedyn, creator, createdtime, modifier, modifiedtime, description) VALUES ('5e6caf381e8b82a9011eaa998886011d', '40288afb1b25f00b011b25f3c7950001', 'pkg_d391d4cd01864b2cada59ab5a9b12cd5', 1, '메모', 'SINGLE', 'DEPLOYED', 'Y', 'admin', getdate(), 'admin', getdate(), '자유롭게 메모를 작성하여 관리할 수 있는 업무입니다.');
--INSERT INTO swpackage (id, categoryid, packageid, version, name, type, status, latestdeployedyn, creator, createdtime, modifier, modifiedtime, description) VALUES ('5e6caf381eaa9f66011eaa9f9c2a0002', '40288afb1b25f00b011b25f3c7950001', 'pkg_8cecfe640f2c414483d23fb3b599e783', 1, '업무전달', 'SINGLE', 'DEPLOYED', 'Y', 'admin', getdate(), 'admin', getdate(), '');
INSERT INTO swpackage (id, categoryid, packageid, version, name, type, status, latestdeployedyn, creator, createdtime, modifier, modifiedtime, description) VALUES ('5e6caf3822c510890122c59199010037', '40288afb1b25f00b011b25f3c7950001', 'pkg_309666dd2bb5493c9d7e618b3a0aad96', 1, '자료실', 'SINGLE', 'DEPLOYED', 'Y', 'admin', getdate(), 'admin', getdate(), '회사 공통으로 사용하여 각종자료들을 등록 관리하는 정보관리업무입니다');
--INSERT INTO swpackage (id, categoryid, packageid, version, name, type, status, latestdeployedyn, creator, createdtime, modifier, modifiedtime, description) VALUES ('5e6caf38206a62c601207f57f42e0104', '40288afb1b25f00b011b25f3c7950001', 'pkg_2e50009cdcdc4b9dad40468fa48ba0c5', 1, '업무보고', 'SINGLE', 'DEPLOYED', 'Y', 'admin', getdate(), 'admin', getdate(), '');
INSERT INTO swpackage (id, categoryId, packageId, version, name, type, status, latestDeployedYn, creator, createdTime, modifier, modifiedTime, description) values ('5e6caf381f26b928011f37cbba6c04c9', '40288afb1b25f00b011b25f3c7950001', 'pkg_cf3b0087995f4f99a41c93e2fe95b22d', 1, '일반기안', 'PROCESS', 'DEPLOYED', 'Y', 'ysjung@maninsoft.co.kr', getdate(), 'jisook@maninsoft.co.kr', getdate(), '근태를위한 기안서품의에서 승인자, 검토자 및 대표이사 승인의 결재업무를 통해서 근태이력을 남기고 개인별 근태현황을 작성 및 관리하는 프로세스업무입니다.');

-- 3.0 추가
INSERT INTO swpackage (id, categoryid, packageid, version, name, type, status, latestdeployedyn, creator, createdtime, modifier, modifiedtime, description) VALUES ('402880ec34e3d85d0134e3eb5768000b', '40288afb1b25f00b011b25f3c7950001', 'pkg_c08a02b36192489fbc13fdb6bed6f5fc', 1, '이벤트', 'SINGLE', 'DEPLOYED', 'Y', 'admin', getdate(), 'admin', getdate(), '이벤트');
INSERT INTO swpackage (id, categoryid, packageid, version, name, type, status, latestdeployedyn, creator, createdtime, modifier, modifiedtime, description) VALUES ('402880ec34e3d85d0134e3e13e9a0004', '40288afb1b25f00b011b25f3c7950001', 'pkg_62eeb90b11e1466b86d2d7c4dadf63ca', 1, '공지사항', 'SINGLE', 'DEPLOYED', 'Y', 'admin', getdate(), 'admin', getdate(), '공지사항');

-- domain
INSERT INTO swdomain (id, companyId, formid, formversion, formname, tblowner, tblname, keycolumn, titlefieldid, masterid, masterfieldid, systemdomainyn, publishmode) VALUES ('frm_company_SYSTEM','Maninsoft', 'frm_company_SYSTEM', 1, '회사관리', '', 'SWOrgCompany', 'id', '4', NULL, NULL, 'Y', 'PUB_ALL');
INSERT INTO swdomain (id, companyId, formid, formversion, formname, tblowner, tblname, keycolumn, titlefieldid, masterid, masterfieldid, systemdomainyn, publishmode) VALUES ('frm_dept_SYSTEM','Maninsoft', 'frm_dept_SYSTEM', 1, '부서관리', '', 'SWOrgDept', 'id', '10', NULL, NULL, 'Y', 'PUB_ALL');
INSERT INTO swdomain (id, companyId, formid, formversion, formname, tblowner, tblname, keycolumn, titlefieldid, masterid, masterfieldid, systemdomainyn, publishmode) VALUES ('frm_role_SYSTEM','Maninsoft', 'frm_role_SYSTEM', 1, '역할관리', '', 'SWOrgRole', 'id', '4', NULL, NULL, 'Y', 'PUB_ALL');
INSERT INTO swdomain (id, companyId, formid, formversion, formname, tblowner, tblname, keycolumn, titlefieldid, masterid, masterfieldid, systemdomainyn, publishmode) VALUES ('frm_user_SYSTEM','Maninsoft', 'frm_user_SYSTEM', 1, '사용자관리', '', 'SWOrgUser', 'id', '4', NULL, NULL, 'Y', 'PUB_ALL');
--INSERT INTO swdomain (id, companyId, formid, formversion, formname, tblowner, tblname, keycolumn, titlefieldid, masterid, masterfieldid, systemdomainyn, publishmode) VALUES ('frm_schedule_SYSTEM','Maninsoft', 'frm_schedule_SYSTEM', 1, '일정관리', '', 'SWSchedule', 'id', '2', NULL, NULL, 'Y', 'PUB_ALL');
INSERT INTO swdomain (id, companyId, formid, formversion, formname, tblowner, tblname, keycolumn, titlefieldid, masterid, masterfieldid, systemdomainyn, publishmode) VALUES ('frm_board_SYSTEM','Maninsoft', 'frm_board_SYSTEM', 1, '게시판', '', 'SWBoard', 'id', '2', NULL, NULL, 'N', 'PUB_ALL');
INSERT INTO swdomain (id, companyId, formid, formversion, formname, tblowner, tblname, keycolumn, titlefieldid, masterid, masterfieldid, systemdomainyn, publishmode) VALUES ('frm_contact_SYSTEM','Maninsoft', 'frm_contact_SYSTEM', 1, '연락처관리', '', 'SWOrgContact', 'id', '2', NULL, NULL, 'N', 'PUB_ALL');
--INSERT INTO swdomain (id, companyId, formid, formversion, formname, tblowner, tblname, keycolumn, titlefieldid, masterid, masterfieldid, systemdomainyn, publishmode) VALUES ('frm_document_SYSTEM','Maninsoft', 'frm_document_SYSTEM', 1, '문서관리', '', 'SWDocument', 'id', '5', NULL, NULL, 'Y', 'PUB_ALL');

-- 새로추가
INSERT INTO swdomain (id, companyId, formid, formversion, formname, tblowner, tblname, keycolumn, titlefieldid, masterid, masterfieldid, systemdomainyn, publishmode) VALUES ('frm_memo_SYSTEM','Maninsoft', 'frm_memo_SYSTEM', 1, '메모', '', 'SWMemo', 'id', '12', NULL, NULL, 'N', 'PUB_ALL');
--INSERT INTO swdomain (id, companyId, formid, formversion, formname, tblowner, tblname, keycolumn, titlefieldid, masterid, masterfieldid, systemdomainyn, publishmode) VALUES ('md_f41a63ac9383455288c9cf94ace3014f','Maninsoft', 'frm_61d962811d6244d180d409a9e88e3b3f', 1, '업무전달', '', 'dt_1287553898892', 'id', '4', NULL, NULL, 'Y', 'PUB_ALL');
INSERT INTO swdomain (id, companyId, formid, formversion, formname, tblowner, tblname, keycolumn, titlefieldid, masterid, masterfieldid, systemdomainyn, publishmode) VALUES ('frm_attachment_SYSTEM','Maninsoft', 'frm_attachment_SYSTEM', 1, '자료실', '', 'SWAttachment', 'id', '0', NULL, NULL, 'N', 'PUB_ALL');
--INSERT INTO swdomain (id, companyId, formid, formversion, formname, tblowner, tblname, keycolumn, titlefieldid, masterid, masterfieldid, systemdomainyn, publishmode) VALUES ('md_0ea261f8b455402a9f794d967c0aa3ea','Maninsoft', 'frm_c466f747a4bc413ea33acfbb40e72525', 1, '업무보고', '', 'dt_1287553898894', 'id', '0', NULL, NULL, 'Y', 'PUB_ALL');

-- 3.0 추가
INSERT INTO swdomain (id, companyId, formid, formversion, formname, tblowner, tblname, keycolumn, titlefieldid, masterid, masterfieldid, systemdomainyn, publishmode) VALUES ('frm_event_SYSTEM','Maninsoft', 'frm_event_SYSTEM', 1, '이벤트', '', 'SWEvent', 'id', '0', NULL, NULL, 'Y', 'PUB_ALL');
INSERT INTO swdomain (id, companyId, formid, formversion, formname, tblowner, tblname, keycolumn, titlefieldid, masterid, masterfieldid, systemdomainyn, publishmode) VALUES ('frm_notice_SYSTEM','Maninsoft', 'frm_notice_SYSTEM', 1, '공지사항', '', 'SWNotice', 'id', '0', NULL, NULL, 'Y', 'PUB_ALL');

-- domain field
INSERT INTO swdomainfield (id, domainid, formfieldid, formfieldpath, formfieldname, formfieldtype, tablecolname, reftblname, arrayyn, systemfieldyn, uniqueyn, disporder, tablewidth) VALUES ('company_id', 'frm_company_SYSTEM', '2', NULL, '아이디', 'string', 'id', NULL, 'N', 'Y', NULL, 2, 0);
INSERT INTO swdomainfield (id, domainid, formfieldid, formfieldpath, formfieldname, formfieldtype, tablecolname, reftblname, arrayyn, systemfieldyn, uniqueyn, disporder, tablewidth) VALUES ('company_name', 'frm_company_SYSTEM', '4', NULL, '이름', 'string', 'name', NULL, 'N', 'Y', NULL, 1, 0);
INSERT INTO swdomainfield (id, domainid, formfieldid, formfieldpath, formfieldname, formfieldtype, tablecolname, reftblname, arrayyn, systemfieldyn, uniqueyn, disporder, tablewidth) VALUES ('company_address', 'frm_company_SYSTEM', '6', NULL, '주소', 'string', 'address', NULL, 'N', 'Y', NULL, -1, 0);

INSERT INTO swdomainfield (id, domainid, formfieldid, formfieldpath, formfieldname, formfieldtype, tablecolname, reftblname, arrayyn, systemfieldyn, uniqueyn, disporder, tablewidth) VALUES ('dept_id', 'frm_dept_SYSTEM', '2', NULL, '아이디', 'string', 'id', NULL, 'N', 'Y', NULL, -1, 30);
INSERT INTO swdomainfield (id, domainid, formfieldid, formfieldpath, formfieldname, formfieldtype, tablecolname, reftblname, arrayyn, systemfieldyn, uniqueyn, disporder, tablewidth) VALUES ('dept_companyid', 'frm_dept_SYSTEM', '4', 'frm_company_SYSTEM.4', '회사', 'string', 'companyid', NULL, 'N', 'Y', NULL, 2, 0);
INSERT INTO swdomainfield (id, domainid, formfieldid, formfieldpath, formfieldname, formfieldtype, tablecolname, reftblname, arrayyn, systemfieldyn, uniqueyn, disporder, tablewidth) VALUES ('dept_parentid', 'frm_dept_SYSTEM', '6', NULL, '상위부서', 'string', 'parentid', NULL, 'N', 'Y', NULL, 4, 0);
INSERT INTO swdomainfield (id, domainid, formfieldid, formfieldpath, formfieldname, formfieldtype, tablecolname, reftblname, arrayyn, systemfieldyn, uniqueyn, disporder, tablewidth) VALUES ('dept_type', 'frm_dept_SYSTEM', '8', NULL, '부서유형', 'string', 'type', NULL, 'N', 'Y', NULL, 5, 0);
INSERT INTO swdomainfield (id, domainid, formfieldid, formfieldpath, formfieldname, formfieldtype, tablecolname, reftblname, arrayyn, systemfieldyn, uniqueyn, disporder, tablewidth) VALUES ('dept_name', 'frm_dept_SYSTEM', '10', NULL, '부서이름', 'string', 'name', NULL, 'N', 'Y', NULL, 1, 0);
INSERT INTO swdomainfield (id, domainid, formfieldid, formfieldpath, formfieldname, formfieldtype, tablecolname, reftblname, arrayyn, systemfieldyn, uniqueyn, disporder, tablewidth) VALUES ('dept_description', 'frm_dept_SYSTEM', '12', NULL, '설명', 'string', 'description', NULL, 'N', 'Y', NULL, -1, 0);

INSERT INTO swdomainfield (id, domainid, formfieldid, formfieldpath, formfieldname, formfieldtype, tablecolname, reftblname, arrayyn, systemfieldyn, uniqueyn, disporder, tablewidth) VALUES ('role_id', 'frm_role_SYSTEM', '2', NULL, '아이디', 'string', 'id', NULL, 'N', 'Y', NULL, 1, 30);
INSERT INTO swdomainfield (id, domainid, formfieldid, formfieldpath, formfieldname, formfieldtype, tablecolname, reftblname, arrayyn, systemfieldyn, uniqueyn, disporder, tablewidth) VALUES ('role_name', 'frm_role_SYSTEM', '4', NULL, '이름', 'string', 'name', NULL, 'N', 'Y', NULL, 2, 30);
INSERT INTO swdomainfield (id, domainid, formfieldid, formfieldpath, formfieldname, formfieldtype, tablecolname, reftblname, arrayyn, systemfieldyn, uniqueyn, disporder, tablewidth) VALUES ('role_companyid', 'frm_role_SYSTEM', '6', 'frm_company_SYSTEM.4', '회사', 'string', 'companyid', NULL, 'N', 'Y', NULL, 3, 0);
INSERT INTO swdomainfield (id, domainid, formfieldid, formfieldpath, formfieldname, formfieldtype, tablecolname, reftblname, arrayyn, systemfieldyn, uniqueyn, disporder, tablewidth) VALUES ('role_description', 'frm_role_SYSTEM', '8', NULL, '설명', 'string', 'description', NULL, 'N', 'Y', NULL, -1, 0);

INSERT INTO swdomainfield (id, domainid, formfieldid, formfieldpath, formfieldname, formfieldtype, tablecolname, reftblname, arrayyn, systemfieldyn, uniqueyn, disporder, tablewidth) VALUES ('user_id', 'frm_user_SYSTEM', '2', NULL, '아이디', 'string', 'id', NULL, 'N', 'Y', NULL, 8, 0);
INSERT INTO swdomainfield (id, domainid, formfieldid, formfieldpath, formfieldname, formfieldtype, tablecolname, reftblname, arrayyn, systemfieldyn, uniqueyn, disporder, tablewidth) VALUES ('user_name', 'frm_user_SYSTEM', '4', NULL, '이름', 'string', 'name', NULL, 'N', 'Y', NULL, 2, 0);
INSERT INTO swdomainfield (id, domainid, formfieldid, formfieldpath, formfieldname, formfieldtype, tablecolname, reftblname, arrayyn, systemfieldyn, uniqueyn, disporder, tablewidth) VALUES ('user_companyid', 'frm_user_SYSTEM', '6', 'frm_company_SYSTEM.4', '회사', 'string', 'companyid', NULL, 'N', 'Y', NULL, -1, 0);
INSERT INTO swdomainfield (id, domainid, formfieldid, formfieldpath, formfieldname, formfieldtype, tablecolname, reftblname, arrayyn, systemfieldyn, uniqueyn, disporder, tablewidth) VALUES ('user_deptid', 'frm_user_SYSTEM', '8', 'frm_dept_SYSTEM.10', '부서', 'string', 'deptid', NULL, 'N', 'Y', NULL, -1, 0);
INSERT INTO swdomainfield (id, domainid, formfieldid, formfieldpath, formfieldname, formfieldtype, tablecolname, reftblname, arrayyn, systemfieldyn, uniqueyn, disporder, tablewidth) VALUES ('user_roleid', 'frm_user_SYSTEM', '10', NULL, '역할', 'string', 'roleid', NULL, 'N', 'Y', NULL, -1, 0);
INSERT INTO swdomainfield (id, domainid, formfieldid, formfieldpath, formfieldname, formfieldtype, tablecolname, reftblname, arrayyn, systemfieldyn, uniqueyn, disporder, tablewidth) VALUES ('user_empno', 'frm_user_SYSTEM', '12', NULL, '직원번호', 'string', 'empno', NULL, 'N', 'Y', NULL, 11, 0);
INSERT INTO swdomainfield (id, domainid, formfieldid, formfieldpath, formfieldname, formfieldtype, tablecolname, reftblname, arrayyn, systemfieldyn, uniqueyn, disporder, tablewidth) VALUES ('user_type', 'frm_user_SYSTEM', '14', NULL, '유형', 'string', 'type', NULL, 'N', 'Y', NULL, -1, 0);
INSERT INTO swdomainfield (id, domainid, formfieldid, formfieldpath, formfieldname, formfieldtype, tablecolname, reftblname, arrayyn, systemfieldyn, uniqueyn, disporder, tablewidth) VALUES ('user_pos', 'frm_user_SYSTEM', '16', NULL, '직책', 'string', 'pos', NULL, 'N', 'Y', NULL, 12, 0);
INSERT INTO swdomainfield (id, domainid, formfieldid, formfieldpath, formfieldname, formfieldtype, tablecolname, reftblname, arrayyn, systemfieldyn, uniqueyn, disporder, tablewidth) VALUES ('user_lang', 'frm_user_SYSTEM', '18', NULL, '언어', 'string', 'lang', NULL, 'N', 'Y', NULL, -1, 0);
INSERT INTO swdomainfield (id, domainid, formfieldid, formfieldpath, formfieldname, formfieldtype, tablecolname, reftblname, arrayyn, systemfieldyn, uniqueyn, disporder, tablewidth) VALUES ('user_stdtime', 'frm_user_SYSTEM', '20', NULL, '표준시간대', 'string', 'stdtime', NULL, 'N', 'Y', NULL, -1, 0);
INSERT INTO swdomainfield (id, domainid, formfieldid, formfieldpath, formfieldname, formfieldtype, tablecolname, reftblname, arrayyn, systemfieldyn, uniqueyn, disporder, tablewidth) VALUES ('user_email', 'frm_user_SYSTEM', '22', NULL, '이메일', 'string', 'email', NULL, 'N', 'Y', NULL, -1, 0);
INSERT INTO swdomainfield (id, domainid, formfieldid, formfieldpath, formfieldname, formfieldtype, tablecolname, reftblname, arrayyn, systemfieldyn, uniqueyn, disporder, tablewidth) VALUES ('user_passwd', 'frm_user_SYSTEM', '24', NULL, '비밀번호', 'string', 'passwd', NULL, 'N', 'Y', NULL, -1, 0);
INSERT INTO swdomainfield (id, domainid, formfieldid, formfieldpath, formfieldname, formfieldtype, tablecolname, reftblname, arrayyn, systemfieldyn, uniqueyn, disporder, tablewidth) VALUES ('user_authid', 'frm_user_SYSTEM', '38', NULL, '권한', 'string', 'authid', NULL, 'N', 'Y', NULL, -1, 0);

--INSERT INTO swdomainfield (id, domainid, formfieldid, formfieldpath, formfieldname, formfieldtype, tablecolname, reftblname, arrayyn, systemfieldyn, uniqueyn, disporder, tablewidth) VALUES ('schedule_title', 'frm_schedule_SYSTEM', '2', NULL, '제목', 'string', 'title', NULL, 'N', 'Y', NULL, 2, 0);
--INSERT INTO swdomainfield (id, domainid, formfieldid, formfieldpath, formfieldname, formfieldtype, tablecolname, reftblname, arrayyn, systemfieldyn, uniqueyn, disporder, tablewidth) VALUES ('schedule_startdate', 'frm_schedule_SYSTEM', '4', NULL, '시작일자', 'datetime', 'startdate', NULL, 'N', 'Y', NULL, 4, 0);
--INSERT INTO swdomainfield (id, domainid, formfieldid, formfieldpath, formfieldname, formfieldtype, tablecolname, reftblname, arrayyn, systemfieldyn, uniqueyn, disporder, tablewidth) VALUES ('schedule_place', 'frm_schedule_SYSTEM', '6', NULL, '장소', 'string', 'place', NULL, 'N', 'Y', NULL, -1, 0);
--INSERT INTO swdomainfield (id, domainid, formfieldid, formfieldpath, formfieldname, formfieldtype, tablecolname, reftblname, arrayyn, systemfieldyn, uniqueyn, disporder, tablewidth) VALUES ('schedule_fromtime', 'frm_schedule_SYSTEM', '8', NULL, '시작시간', 'time', 'fromtime', NULL, 'N', 'Y', NULL, -1, 0);
--INSERT INTO swdomainfield (id, domainid, formfieldid, formfieldpath, formfieldname, formfieldtype, tablecolname, reftblname, arrayyn, systemfieldyn, uniqueyn, disporder, tablewidth) VALUES ('schedule_totime', 'frm_schedule_SYSTEM', '10', NULL, '종료시간', 'time', 'totime', NULL, 'N', 'Y', NULL, -1, 0);
--INSERT INTO swdomainfield (id, domainid, formfieldid, formfieldpath, formfieldname, formfieldtype, tablecolname, reftblname, arrayyn, systemfieldyn, uniqueyn, disporder, tablewidth) VALUES ('schedule_type', 'frm_schedule_SYSTEM', '12', NULL, '유형', 'string', 'type', NULL, 'N', 'Y', NULL, 1, 0);
--INSERT INTO swdomainfield (id, domainid, formfieldid, formfieldpath, formfieldname, formfieldtype, tablecolname, reftblname, arrayyn, systemfieldyn, uniqueyn, disporder, tablewidth) VALUES ('schedule_content', 'frm_schedule_SYSTEM', '16', NULL, '내용', 'string', 'content', NULL, 'N', 'Y', NULL, -1, 0);
--INSERT INTO swdomainfield (id, domainid, formfieldid, formfieldpath, formfieldname, formfieldtype, tablecolname, reftblname, arrayyn, systemfieldyn, uniqueyn, disporder, tablewidth) VALUES ('schedule_referencer', 'frm_schedule_SYSTEM', '18', NULL, '관련자', 'string', 'referencer', NULL, 'N', 'Y', NULL, -1, 0);
--INSERT INTO swdomainfield (id, domainid, formfieldid, formfieldpath, formfieldname, formfieldtype, tablecolname, reftblname, arrayyn, systemfieldyn, uniqueyn, disporder, tablewidth) VALUES ('schedule_userid', 'frm_schedule_SYSTEM', '29', NULL, '담당자', 'string', 'userid', NULL, 'N', 'Y', NULL, 3, 0);
--INSERT INTO swdomainfield (id, domainid, formfieldid, formfieldpath, formfieldname, formfieldtype, tablecolname, reftblname, arrayyn, systemfieldyn, uniqueyn, disporder, tablewidth) VALUES ('schedule_enddate', 'frm_schedule_SYSTEM', '41', NULL, '종료일자', 'datetime', 'enddate', NULL, 'N', 'Y', NULL, -1, 0);
--INSERT INTO swdomainfield (id, domainid, formfieldid, formfieldpath, formfieldname, formfieldtype, tablecolname, reftblname, arrayyn, systemfieldyn, uniqueyn, disporder, tablewidth) VALUES ('schedule_accesslevel', 'frm_schedule_SYSTEM', '76', NULL, '공개여부', 'string', 'accessLevel', NULL, 'N', 'Y', NULL, -1, 0);

INSERT INTO swdomainfield (id, domainid, formfieldid, formfieldpath, formfieldname, formfieldtype, tablecolname, reftblname, arrayyn, systemfieldyn, uniqueyn, disporder, tablewidth) VALUES ('board_title', 'frm_board_SYSTEM', '2', NULL, '제목', 'string', 'title', NULL, 'N', 'Y', NULL, 1, 0);
INSERT INTO swdomainfield (id, domainid, formfieldid, formfieldpath, formfieldname, formfieldtype, tablecolname, reftblname, arrayyn, systemfieldyn, uniqueyn, disporder, tablewidth) VALUES ('board_priority', 'frm_board_SYSTEM', '4', NULL, '중요도', 'string', 'priority', NULL, 'N', 'Y', NULL, 2, 0);
INSERT INTO swdomainfield (id, domainid, formfieldid, formfieldpath, formfieldname, formfieldtype, tablecolname, reftblname, arrayyn, systemfieldyn, uniqueyn, disporder, tablewidth) VALUES ('board_content', 'frm_board_SYSTEM', '6', NULL, '내용', 'text', 'content', NULL, 'N', 'Y', NULL, -1, 0);
INSERT INTO swdomainfield (id, domainid, formfieldid, formfieldpath, formfieldname, formfieldtype, tablecolname, reftblname, arrayyn, systemfieldyn, uniqueyn, disporder, tablewidth) VALUES ('board_filegroupid', 'frm_board_SYSTEM', '14', NULL, '첨부파일', 'string', 'filegroupid', NULL, 'N', 'Y', NULL, -1, 0);
INSERT INTO swdomainfield (id, domainid, formfieldid, formfieldpath, formfieldname, formfieldtype, tablecolname, reftblname, arrayyn, systemfieldyn, uniqueyn, disporder, tablewidth) VALUES ('board_notice', 'frm_board_SYSTEM', '18', NULL, '전체공지', 'boolean', 'notice', NULL, 'N', 'N', NULL, -1, 0);

INSERT INTO swdomainfield (id, domainid, formfieldid, formfieldpath, formfieldname, formfieldtype, tablecolname, reftblname, arrayyn, systemfieldyn, uniqueyn, disporder, tablewidth) VALUES ('contact_name', 'frm_contact_SYSTEM', '2', NULL, '이름', 'string', 'name', NULL, 'N', 'Y', NULL, 1, 0);
INSERT INTO swdomainfield (id, domainid, formfieldid, formfieldpath, formfieldname, formfieldtype, tablecolname, reftblname, arrayyn, systemfieldyn, uniqueyn, disporder, tablewidth) VALUES ('contact_companyid', 'frm_contact_SYSTEM', '4', NULL, '회사', 'string', 'companyid', NULL, 'N', 'Y', NULL, 2, 0);
INSERT INTO swdomainfield (id, domainid, formfieldid, formfieldpath, formfieldname, formfieldtype, tablecolname, reftblname, arrayyn, systemfieldyn, uniqueyn, disporder, tablewidth) VALUES ('contact_deptid', 'frm_contact_SYSTEM', '6', NULL, '부서', 'string', 'deptid', NULL, 'N', 'Y', NULL, 5, 0);
INSERT INTO swdomainfield (id, domainid, formfieldid, formfieldpath, formfieldname, formfieldtype, tablecolname, reftblname, arrayyn, systemfieldyn, uniqueyn, disporder, tablewidth) VALUES ('contact_pos', 'frm_contact_SYSTEM', '8', NULL, '직책', 'string', 'pos', NULL, 'N', 'Y', NULL, 6, 0);
INSERT INTO swdomainfield (id, domainid, formfieldid, formfieldpath, formfieldname, formfieldtype, tablecolname, reftblname, arrayyn, systemfieldyn, uniqueyn, disporder, tablewidth) VALUES ('contact_email', 'frm_contact_SYSTEM', '10', NULL, '이메일', 'string', 'email', NULL, 'N', 'Y', NULL, -1, 0);
INSERT INTO swdomainfield (id, domainid, formfieldid, formfieldpath, formfieldname, formfieldtype, tablecolname, reftblname, arrayyn, systemfieldyn, uniqueyn, disporder, tablewidth) VALUES ('contact_telephone', 'frm_contact_SYSTEM', '12', NULL, '핸드폰', 'string', 'telephone', NULL, 'N', 'Y', NULL, -1, 0);
INSERT INTO swdomainfield (id, domainid, formfieldid, formfieldpath, formfieldname, formfieldtype, tablecolname, reftblname, arrayyn, systemfieldyn, uniqueyn, disporder, tablewidth) VALUES ('contact_compphone', 'frm_contact_SYSTEM', '24', NULL, '전화', 'string', 'swcompphone', NULL, 'N', 'Y', NULL, -1, 0);
INSERT INTO swdomainfield (id, domainid, formfieldid, formfieldpath, formfieldname, formfieldtype, tablecolname, reftblname, arrayyn, systemfieldyn, uniqueyn, disporder, tablewidth) VALUES ('contact_fax', 'frm_contact_SYSTEM', '28', NULL, '팩스', 'string', 'swfax', NULL, 'N', 'Y', NULL, -1, 0);
INSERT INTO swdomainfield (id, domainid, formfieldid, formfieldpath, formfieldname, formfieldtype, tablecolname, reftblname, arrayyn, systemfieldyn, uniqueyn, disporder, tablewidth) VALUES ('contact_address', 'frm_contact_SYSTEM', '40', NULL, '주소', 'string', 'swaddress', NULL, 'N', 'Y', NULL, -1, 0);
INSERT INTO swdomainfield (id, domainid, formfieldid, formfieldpath, formfieldname, formfieldtype, tablecolname, reftblname, arrayyn, systemfieldyn, uniqueyn, disporder, tablewidth) VALUES ('contact_country', 'frm_contact_SYSTEM', '44', NULL, '국가', 'string', 'swcountry', NULL, 'N', 'Y', NULL, -1, 0);
INSERT INTO swdomainfield (id, domainid, formfieldid, formfieldpath, formfieldname, formfieldtype, tablecolname, reftblname, arrayyn, systemfieldyn, uniqueyn, disporder, tablewidth) VALUES ('contact_cat', 'frm_contact_SYSTEM', '48', NULL, '범주', 'string', 'swcat', NULL, 'N', 'Y', NULL, -1, 0);
INSERT INTO swdomainfield (id, domainid, formfieldid, formfieldpath, formfieldname, formfieldtype, tablecolname, reftblname, arrayyn, systemfieldyn, uniqueyn, disporder, tablewidth) VALUES ('contact_desc', 'frm_contact_SYSTEM', '52', NULL, '설명', 'string', 'swdesc', NULL, 'N', 'Y', NULL, -1, 0);
INSERT INTO swdomainfield (id, domainid, formfieldid, formfieldpath, formfieldname, formfieldtype, tablecolname, reftblname, arrayyn, systemfieldyn, uniqueyn, disporder, tablewidth) VALUES ('contact_attach', 'frm_contact_SYSTEM', '56', NULL, '첨부', 'string', 'swattach', NULL, 'N', 'Y', NULL, -1, 0);

--INSERT INTO swdomainfield (id, domainid, formfieldid, formfieldpath, formfieldname, formfieldtype, tablecolname, reftblname, arrayyn, systemfieldyn, uniqueyn, disporder, tablewidth) VALUES ('document_title', 'frm_document_SYSTEM', '5', NULL, '제목', 'string', 'title', NULL, 'N', 'Y', NULL, 1, 0);
--INSERT INTO swdomainfield (id, domainid, formfieldid, formfieldpath, formfieldname, formfieldtype, tablecolname, reftblname, arrayyn, systemfieldyn, uniqueyn, disporder, tablewidth) VALUES ('document_code', 'frm_document_SYSTEM', '7', NULL, '문서번호', 'string', 'code', NULL, 'N', 'Y', NULL, 2, 0);
--INSERT INTO swdomainfield (id, domainid, formfieldid, formfieldpath, formfieldname, formfieldtype, tablecolname, reftblname, arrayyn, systemfieldyn, uniqueyn, disporder, tablewidth) VALUES ('document_ownerdept', 'frm_document_SYSTEM', '9', 'frm_dept_SYSTEM.10', '관리부서', 'string', 'ownerdept', NULL, 'N', 'Y', NULL, 5, 0);
--INSERT INTO swdomainfield (id, domainid, formfieldid, formfieldpath, formfieldname, formfieldtype, tablecolname, reftblname, arrayyn, systemfieldyn, uniqueyn, disporder, tablewidth) VALUES ('document_owneruser', 'frm_document_SYSTEM', '11', NULL, '관리담당자', 'string', 'owneruser', NULL, 'N', 'Y', NULL, 4, 0);
--INSERT INTO swdomainfield (id, domainid, formfieldid, formfieldpath, formfieldname, formfieldtype, tablecolname, reftblname, arrayyn, systemfieldyn, uniqueyn, disporder, tablewidth) VALUES ('document_filegroupid', 'frm_document_SYSTEM', '13', NULL, '첨부파일', 'string', 'filegroupid', NULL, 'N', 'Y', NULL, 3, 0);

--새로추가
INSERT INTO swdomainfield (id, domainid, formfieldid, formfieldpath, formfieldname, formfieldtype, tablecolname, reftblname, arrayyn, systemfieldyn, uniqueyn, disporder, tablewidth) VALUES ('memo_title', 'frm_memo_SYSTEM', '12', NULL, '제목', 'string', 'title', NULL, 'N', 'Y', NULL, 1, 0);
INSERT INTO swdomainfield (id, domainid, formfieldid, formfieldpath, formfieldname, formfieldtype, tablecolname, reftblname, arrayyn, systemfieldyn, uniqueyn, disporder, tablewidth) VALUES ('memo_content', 'frm_memo_SYSTEM', '4', NULL, '내용', 'text', 'content', NULL, 'N', 'Y', NULL, -1, 0);

--INSERT INTO swdomainfield (id, domainid, formfieldid, formfieldpath, formfieldname, formfieldtype, tablecolname, reftblname, arrayyn, systemfieldyn, uniqueyn, disporder, tablewidth) VALUES ('df_14176a2689c1428b86cdb953bf2d521b', 'md_f41a63ac9383455288c9cf94ace3014f', '12', NULL, '첨부파일', 'string', 'c12', NULL, 'N', 'Y', NULL, 3, 0);
--INSERT INTO swdomainfield (id, domainid, formfieldid, formfieldpath, formfieldname, formfieldtype, tablecolname, reftblname, arrayyn, systemfieldyn, uniqueyn, disporder, tablewidth) VALUES ('df_684cee259d284a55993df10b104cdf62', 'md_f41a63ac9383455288c9cf94ace3014f', '4', NULL, '제목', 'string', 'c4', NULL, 'N', 'Y', NULL, 1, 0);
--INSERT INTO swdomainfield (id, domainid, formfieldid, formfieldpath, formfieldname, formfieldtype, tablecolname, reftblname, arrayyn, systemfieldyn, uniqueyn, disporder, tablewidth) VALUES ('df_747217b64f51493cacf24c54cfde04aa', 'md_f41a63ac9383455288c9cf94ace3014f', '8', NULL, '내용', 'text', 'c8', NULL, 'N', 'Y', NULL, -1, 0);

INSERT INTO swdomainfield (id, domainid, formfieldid, formfieldpath, formfieldname, formfieldtype, tablecolname, reftblname, arrayyn, systemfieldyn, uniqueyn, disporder, tablewidth) VALUES ('attachment_owneruser', 'frm_attachment_SYSTEM', '3', NULL, '관리담당자', 'string', 'owneruser', NULL, 'N', 'Y', NULL, 1, 0);
INSERT INTO swdomainfield (id, domainid, formfieldid, formfieldpath, formfieldname, formfieldtype, tablecolname, reftblname, arrayyn, systemfieldyn, uniqueyn, disporder, tablewidth) VALUES ('attachment_ownerdept', 'frm_attachment_SYSTEM', '2', 'frm_dept_SYSTEM.10', '관리부서', 'string', 'ownerdept', NULL, 'N', 'Y', NULL, 3, 0);
INSERT INTO swdomainfield (id, domainid, formfieldid, formfieldpath, formfieldname, formfieldtype, tablecolname, reftblname, arrayyn, systemfieldyn, uniqueyn, disporder, tablewidth) VALUES ('attachment_content', 'frm_attachment_SYSTEM', '4', NULL, '내용', 'text', 'content', NULL, 'N', 'Y', NULL, 4, 0);
INSERT INTO swdomainfield (id, domainid, formfieldid, formfieldpath, formfieldname, formfieldtype, tablecolname, reftblname, arrayyn, systemfieldyn, uniqueyn, disporder, tablewidth) VALUES ('attachment_searchword', 'frm_attachment_SYSTEM', '1', NULL, '검색어', 'string', 'searchword', NULL, 'N', 'Y', NULL, 6, 0);
INSERT INTO swdomainfield (id, domainid, formfieldid, formfieldpath, formfieldname, formfieldtype, tablecolname, reftblname, arrayyn, systemfieldyn, uniqueyn, disporder, tablewidth) VALUES ('attachment_title', 'frm_attachment_SYSTEM', '0', NULL, '제목', 'string', 'title', NULL, 'N', 'Y', NULL, 4, 0);
INSERT INTO swdomainfield (id, domainid, formfieldid, formfieldpath, formfieldname, formfieldtype, tablecolname, reftblname, arrayyn, systemfieldyn, uniqueyn, disporder, tablewidth) VALUES ('attachment_filegroupId', 'frm_attachment_SYSTEM', '5', NULL, '첨부파일', 'string', 'filegroupid', NULL, 'N', 'Y', NULL, 2, 0);

--INSERT INTO swdomainfield (id, domainid, formfieldid, formfieldpath, formfieldname, formfieldtype, tablecolname, reftblname, arrayyn, systemfieldyn, uniqueyn, disporder, tablewidth) VALUES ('df_0b421c21059741f5a7192c9002e6cb62', 'md_0ea261f8b455402a9f794d967c0aa3ea', '8', NULL, '작성일자', 'datetime', 'c8', NULL, 'N', 'Y', NULL, -1, 0);
--INSERT INTO swdomainfield (id, domainid, formfieldid, formfieldpath, formfieldname, formfieldtype, tablecolname, reftblname, arrayyn, systemfieldyn, uniqueyn, disporder, tablewidth) VALUES ('df_111028d6efcd4004a631b62250af5e57', 'md_0ea261f8b455402a9f794d967c0aa3ea', '0', NULL, '보고제목', 'string', 'c0', NULL, 'N', 'Y', NULL, 2, 0);
--INSERT INTO swdomainfield (id, domainid, formfieldid, formfieldpath, formfieldname, formfieldtype, tablecolname, reftblname, arrayyn, systemfieldyn, uniqueyn, disporder, tablewidth) VALUES ('df_2268c55ea52241a5936a546a003811d2', 'md_0ea261f8b455402a9f794d967c0aa3ea', '4', 'frm_dept_SYSTEM.10', '보고부서', 'string', 'c4', NULL, 'N', 'Y', NULL, 5, 0);
--INSERT INTO swdomainfield (id, domainid, formfieldid, formfieldpath, formfieldname, formfieldtype, tablecolname, reftblname, arrayyn, systemfieldyn, uniqueyn, disporder, tablewidth) VALUES ('df_83358461f7374f8094cf39c676b10bde', 'md_0ea261f8b455402a9f794d967c0aa3ea', '61', NULL, '기간시작일', 'datetime', 'c61', NULL, 'N', 'Y', NULL, 6, 0);
--INSERT INTO swdomainfield (id, domainid, formfieldid, formfieldpath, formfieldname, formfieldtype, tablecolname, reftblname, arrayyn, systemfieldyn, uniqueyn, disporder, tablewidth) VALUES ('df_8f4821135f9546bd9caa5a29cd92557b', 'md_0ea261f8b455402a9f794d967c0aa3ea', '13', NULL, '진행사항', 'text', 'c13', NULL, 'N', 'Y', NULL, 1, 0);
--INSERT INTO swdomainfield (id, domainid, formfieldid, formfieldpath, formfieldname, formfieldtype, tablecolname, reftblname, arrayyn, systemfieldyn, uniqueyn, disporder, tablewidth) VALUES ('df_b797cfa6a4854361ac43780e90eddb83', 'md_0ea261f8b455402a9f794d967c0aa3ea', '2', NULL, '보고종류', 'string', 'c2', NULL, 'N', 'Y', NULL, 3, 0);
--INSERT INTO swdomainfield (id, domainid, formfieldid, formfieldpath, formfieldname, formfieldtype, tablecolname, reftblname, arrayyn, systemfieldyn, uniqueyn, disporder, tablewidth) VALUES ('df_edeb0a779e2741669fd88790b375f3f8', 'md_0ea261f8b455402a9f794d967c0aa3ea', '19', NULL, '첨부파일', 'string', 'c19', NULL, 'N', 'Y', NULL, -1, 0);
--INSERT INTO swdomainfield (id, domainid, formfieldid, formfieldpath, formfieldname, formfieldtype, tablecolname, reftblname, arrayyn, systemfieldyn, uniqueyn, disporder, tablewidth) VALUES ('df_f05600b2fd184f48a4a45e6f0bca57ed', 'md_0ea261f8b455402a9f794d967c0aa3ea', '63', NULL, '기간종료일', 'datetime', 'c63', NULL, 'N', 'Y', NULL, 7, 0);
--INSERT INTO swdomainfield (id, domainid, formfieldid, formfieldpath, formfieldname, formfieldtype, tablecolname, reftblname, arrayyn, systemfieldyn, uniqueyn, disporder, tablewidth) VALUES ('df_f6a0c7bafe1e48b3a98e429c59a2b67f', 'md_0ea261f8b455402a9f794d967c0aa3ea', '6', NULL, '작성자', 'string', 'c6', NULL, 'N', 'Y', NULL, -1, 0);
--INSERT INTO swdomainfield (id, domainid, formfieldid, formfieldpath, formfieldname, formfieldtype, tablecolname, reftblname, arrayyn, systemfieldyn, uniqueyn, disporder, tablewidth) VALUES ('df_f9e1ce57630f4c6791546f3894da099f', 'md_0ea261f8b455402a9f794d967c0aa3ea', '15', NULL, '예정사항', 'text', 'c15', NULL, 'N', 'Y', NULL, 4, 0);
--INSERT INTO swdomainfield (id, domainid, formfieldid, formfieldpath, formfieldname, formfieldtype, tablecolname, reftblname, arrayyn, systemfieldyn, uniqueyn, disporder, tablewidth) VALUES ('df_fdda949f7f4d44abac7103c1f158c56e', 'md_0ea261f8b455402a9f794d967c0aa3ea', '17', NULL, '이슈사항', 'text', 'c17', NULL, 'N', 'Y', NULL, -1, 0);

-- 3.0 추가
INSERT INTO swdomainfield (id, domainid, formfieldid, formfieldpath, formfieldname, formfieldtype, tablecolname, reftblname, arrayyn, systemfieldyn, uniqueyn, disporder, tablewidth) VALUES ('event_content', 'frm_event_SYSTEM', '6', NULL, '이벤트내용', 'text', 'content', NULL, 'N', 'Y', NULL, 6, 0);
INSERT INTO swdomainfield (id, domainid, formfieldid, formfieldpath, formfieldname, formfieldtype, tablecolname, reftblname, arrayyn, systemfieldyn, uniqueyn, disporder, tablewidth) VALUES ('event_name', 'frm_event_SYSTEM', '0', NULL, '이벤트이름', 'string', 'name', NULL, 'N', 'Y', NULL, 1, 0);
INSERT INTO swdomainfield (id, domainid, formfieldid, formfieldpath, formfieldname, formfieldtype, tablecolname, reftblname, arrayyn, systemfieldyn, uniqueyn, disporder, tablewidth) VALUES ('event_start', 'frm_event_SYSTEM', '1', NULL, '시작일자', 'datetime', 'startdate', NULL, 'N', 'Y', NULL, 2, 0);
INSERT INTO swdomainfield (id, domainid, formfieldid, formfieldpath, formfieldname, formfieldtype, tablecolname, reftblname, arrayyn, systemfieldyn, uniqueyn, disporder, tablewidth) VALUES ('event_end', 'frm_event_SYSTEM', '2', NULL, '종료일자', 'datetime', 'enddate', NULL, 'N', 'Y', NULL, 3, 0);
INSERT INTO swdomainfield (id, domainid, formfieldid, formfieldpath, formfieldname, formfieldtype, tablecolname, reftblname, arrayyn, systemfieldyn, uniqueyn, disporder, tablewidth) VALUES ('event_alarm', 'frm_event_SYSTEM', '7', NULL, '미리알림', 'string', 'alarm', NULL, 'N', 'Y', NULL, -1, 0);
INSERT INTO swdomainfield (id, domainid, formfieldid, formfieldpath, formfieldname, formfieldtype, tablecolname, reftblname, arrayyn, systemfieldyn, uniqueyn, disporder, tablewidth) VALUES ('event_related_users', 'frm_event_SYSTEM', '5', NULL, '참여자', 'string', 'relatedusers', NULL, 'N', 'Y', NULL, 4, 0);
INSERT INTO swdomainfield (id, domainid, formfieldid, formfieldpath, formfieldname, formfieldtype, tablecolname, reftblname, arrayyn, systemfieldyn, uniqueyn, disporder, tablewidth) VALUES ('event_place', 'frm_event_SYSTEM', '4', NULL, '장소', 'string', 'place', NULL, 'N', 'Y', NULL, 5, 0);

INSERT INTO swdomainfield (id, domainid, formfieldid, formfieldpath, formfieldname, formfieldtype, tablecolname, reftblname, arrayyn, systemfieldyn, uniqueyn, disporder, tablewidth) VALUES ('notice_filegroupid', 'frm_notice_SYSTEM', '2', NULL, '첨부파일', 'string', 'filegroupid', NULL, 'N', 'Y', NULL, 2, 0);
INSERT INTO swdomainfield (id, domainid, formfieldid, formfieldpath, formfieldname, formfieldtype, tablecolname, reftblname, arrayyn, systemfieldyn, uniqueyn, disporder, tablewidth) VALUES ('notice_title', 'frm_notice_SYSTEM', '0', NULL, '제목', 'string', 'title', NULL, 'N', 'Y', NULL, 1, 0);
INSERT INTO swdomainfield (id, domainid, formfieldid, formfieldpath, formfieldname, formfieldtype, tablecolname, reftblname, arrayyn, systemfieldyn, uniqueyn, disporder, tablewidth) VALUES ('notice_content', 'frm_notice_SYSTEM', '1', NULL, '내용', 'text', 'content', NULL, 'N', 'Y', NULL, 3, 0);

-- form
INSERT INTO swform (id, formid, version, name, type, status, creator, createdtime, modifier, modifiedtime, content)
VALUES ('DEFAULTFORM', 'DEFAULTFORM', 1, '기본업무', 'PROCESS', 'DEPLOYED', 'admin', getdate(), 'admin', getdate(), '<form id="DEFAULTFORM" version="1" name="기본업무" title="기본업무" formType="null" systemName="">
	<children>
		<formEntity id="content" name="내용" title="내용" systemType="text" array="false" required="true" systemName="" system="false">
			<graphic displayOrder="" hidden="false" readOnly="false" cellSize="1" contentsSize="-1" height="143" bgColor="16777215">
				<label visible="true" size="-1" loc="left">
					<textStyle size="14" color="NaN" align="left" bold="false" italic="false" underline="false">
						<font>Arial</font>
					</textStyle>
				</label>
				<textStyle size="12" color="NaN" align="left" bold="false" italic="false" underline="false">
					<font>Arial</font>
				</textStyle>
			</graphic>
			<children/>
			<format type="richEditor" viewingType="richEditor"/>
			<expression/>
			<mappings>
				<pre/>
				<post/>
			</mappings>
		</formEntity>
		<formEntity id="attachment" name="첨부파일" title="첨부파일" systemType="string" array="false" required="false" systemName="" system="false">
			<graphic displayOrder="" hidden="false" readOnly="false" cellSize="1" contentsSize="-1" height="23" bgColor="16777215">
				<label visible="true" size="-1" loc="left">
					<textStyle size="14" color="NaN" align="left" bold="false" italic="false" underline="false">
						<font>Arial</font>
					</textStyle>
				</label>
				<textStyle size="12" color="NaN" align="left" bold="false" italic="false" underline="false">
					<font>Arial</font>
				</textStyle>
			</graphic>
			<children/>
			<format type="fileField" viewingType="fileField"/>
			<expression/>
			<mappings>
				<pre/>
				<post/>
			</mappings>
		</formEntity>
	</children>
	<mappings/>
	<graphic width="760" height="500" cellSize="1" currentEntityNum="8" currentMappingNum="0" styleId="null" scalePercent="100" titleHeight="30" itemHeightGap="7">
		<title>
			<textStyle size="20" color="NaN" align="center" bold="false" italic="false" underline="false">
				<font>Arial</font>
			</textStyle>
		</title>
		<space head="20" left="20" right="20" top="20" bottom="20"/>
		<textStyle size="11" color="NaN" align="left" bold="false" italic="false" underline="false">
			<font>verdana</font>
		</textStyle>
	</graphic>
	<setting nextPerformer="null" assignee="null"/>
	<layout type="grid_layout" verticalGap="1" horizontalGap="1">
		<columns>
			<gridColumn size="358.5" labelSize="80"/>
			<gridColumn size="358.5" labelSize="80"/>
		</columns>
		<gridRow size="245">
			<gridCell size="358.5" span="2" fieldId="content"/>
		</gridRow>
		<gridRow size="30">
			<gridCell size="358.5" span="2" fieldId="attachment"/>
		</gridRow>
	</layout>
	<mappingForms/>
</form>');
INSERT INTO swform (id, formid, version, name, type, status, creator, createdtime, modifier, modifiedtime, content)
VALUES ('SYSTEMFORM', 'SYSTEMFORM', 1, '기본폼', 'PROCESS', 'DEPLOYED', 'admin', getdate(), 'admin', getdate(), '<form id="SYSTEMFORM" version="1" name="기본폼" title="기본폼" formType="null" systemName="">
	<children>
		<formEntity id="content" name="의견" title="의견" systemType="text" array="false" required="true" systemName="" system="false">
			<graphic displayOrder="" hidden="false" readOnly="false" cellSize="1" contentsSize="-1" height="143" bgColor="16777215">
				<label visible="true" size="-1" loc="left">
					<textStyle size="14" color="NaN" align="left" bold="false" italic="false" underline="false">
						<font>Arial</font>
					</textStyle>
				</label>
				<textStyle size="12" color="NaN" align="left" bold="false" italic="false" underline="false">
					<font>Arial</font>
				</textStyle>
			</graphic>
			<children/>
			<format type="richEditor" viewingType="richEditor"/>
			<expression/>
			<mappings>
				<pre/>
				<post/>
			</mappings>
		</formEntity>
	</children>
	<mappings/>
	<graphic width="760" height="500" cellSize="1" currentEntityNum="8" currentMappingNum="0" styleId="null" scalePercent="100" titleHeight="30" itemHeightGap="7">
		<title>
			<textStyle size="20" color="NaN" align="center" bold="false" italic="false" underline="false">
				<font>Arial</font>
			</textStyle>
		</title>
		<space head="20" left="20" right="20" top="20" bottom="20"/>
		<textStyle size="11" color="NaN" align="left" bold="false" italic="false" underline="false">
			<font>verdana</font>
		</textStyle>
	</graphic>
	<setting nextPerformer="null" assignee="null"/>
	<layout type="grid_layout" verticalGap="1" horizontalGap="1">
		<columns>
			<gridColumn size="358.5" labelSize="80"/>
			<gridColumn size="358.5" labelSize="80"/>
		</columns>
		<gridRow size="150.5">
			<gridCell size="358.5" span="2" fieldId="content"/>
		</gridRow>
	</layout>
	<mappingForms/>
</form>');
INSERT INTO swform (id, packageid, formid, version, name, type, status, keyword, creator, createdtime, modifier, modifiedtime, ownerdept, owner, encoding, description, content, publishmode) 
VALUES ('40288afb1b280665011b2808064c0001', 'pkg_fbbd1761c3f144d49337dc38119caa28', 'frm_company_SYSTEM', 1, '회사관리', 'SINGLE', 'DEPLOYED', NULL, 'admin', getdate(), 'admin', getdate(), NULL, NULL, NULL, '', 
'<form id="frm_company_SYSTEM" version="1" name="회사관리" title="회사관리" formType="null" systemName="SWOrgCompany">
	<children>
		<formEntity id="2" name="아이디" title="아이디" systemName="id" systemType="string" system="true" array="false" required="false">
			<graphic hidden="false" readOnly="false" cellSize="1" contentsSize="213" height="-1" bgColor="16777215">
				<label visible="true" size="-1" loc="left">
					<textStyle size="14" color="NaN" align="left" bold="false" italic="false" underline="false">
						<font>Arial</font>
					</textStyle>
				</label>
				<textStyle size="12" color="NaN" align="left" bold="false" italic="false" underline="false">
					<font>Arial</font>
				</textStyle>
			</graphic>
			<expression/>
			<children/>
			<format type="textInput">
				<numeric minUse="" minNum="0" maxUse="" maxNum="10" stepSize="1" maxNumUse="false" minNumUse="false"/>
				<date yearUse="false" sunNotUse="false" monNotUse="false" tueNotUse="false" wedNotUse="false" thuNotUse="false" friNotUse="false" satNotUse="false"/>
				<list type="" refCodeCategoryId="null" refCodeCategoryName="null" listType="static">
					<staticItems/>
				</list>
				<refForm id="" ver="">
					<name/>
					<field id=""/>
				</refForm>
			</format>
		</formEntity>
		<formEntity id="4" name="이름" title="이름" systemName="name" systemType="string" system="true" array="false" required="false">
			<graphic hidden="false" readOnly="false" cellSize="1" contentsSize="213" height="-1" bgColor="16777215">
				<label visible="true" size="-1" loc="left">
					<textStyle size="14" color="NaN" align="left" bold="false" italic="false" underline="false">
						<font>Arial</font>
					</textStyle>
				</label>
				<textStyle size="12" color="NaN" align="left" bold="false" italic="false" underline="false">
					<font>Arial</font>
				</textStyle>
			</graphic>
			<expression/>
			<children/>
			<format type="textInput">
				<numeric minUse="" minNum="0" maxUse="" maxNum="10" stepSize="1" maxNumUse="false" minNumUse="false"/>
				<date yearUse="false" sunNotUse="false" monNotUse="false" tueNotUse="false" wedNotUse="false" thuNotUse="false" friNotUse="false" satNotUse="false"/>
				<list type="" refCodeCategoryId="null" refCodeCategoryName="null" listType="static">
					<staticItems/>
				</list>
				<refForm id="" ver="">
					<name/>
					<field id=""/>
				</refForm>
			</format>
		</formEntity>
		<formEntity id="6" name="주소" title="주소" systemName="address" systemType="string" system="true" array="false" required="false">
			<graphic hidden="false" readOnly="false" cellSize="1" contentsSize="518" height="-1" bgColor="16777215">
				<label visible="true" size="-1" loc="left">
					<textStyle size="14" color="NaN" align="left" bold="false" italic="false" underline="false">
						<font>Arial</font>
					</textStyle>
				</label>
				<textStyle size="12" color="NaN" align="left" bold="false" italic="false" underline="false">
					<font>Arial</font>
				</textStyle>
			</graphic>
			<expression/>
			<children/>
			<format type="textInput">
				<numeric minUse="" minNum="0" maxUse="" maxNum="10" stepSize="1" maxNumUse="false" minNumUse="false"/>
				<date yearUse="false" sunNotUse="false" monNotUse="false" tueNotUse="false" wedNotUse="false" thuNotUse="false" friNotUse="false" satNotUse="false"/>
				<list type="" refCodeCategoryId="null" refCodeCategoryName="null" listType="static">
					<staticItems/>
				</list>
				<refForm id="" ver="">
					<name/>
					<field id=""/>
				</refForm>
			</format>
		</formEntity>
	</children>
	<mappings/>
	<graphic width="760" height="500" cellSize="2" currentEntityNum="7" currentMappingNum="0" styleId="null" scalePercent="100" titleHeight="30" itemHeightGap="7">
		<title>
			<textStyle size="20" color="NaN" align="center" bold="false" italic="false" underline="false">
				<font>Arial</font>
			</textStyle>
		</title>
		<space head="20" left="20" right="20" top="20" bottom="20"/>
		<textStyle size="11" color="NaN" align="left" bold="false" italic="false" underline="false">
			<font>verdana</font>
		</textStyle>
	</graphic>
	<setting nextPerformer="null" assignee="null"/>
	<layout type="grid_layout" verticalGap="5" horizontalGap="7">
	<gridRow size="32">
		<gridCell size="358.5" span="1" fieldId="2"/>
		<gridCell size="358.5" span="1" fieldId="4"/>
	</gridRow>
	<gridRow size="32">
		<gridCell size="760" span="2" fieldId="6"/>
	</gridRow>
	</layout>
</form>', 'PUB_ALL');
INSERT INTO swform (id, packageid, formid, version, name, type, status, keyword, creator, createdtime, modifier, modifiedtime, ownerdept, owner, encoding, description, content, publishmode) 
VALUES ('40288afb1b280665011b2810bd840004', 'pkg_c2156de59c14435bb551c61c1593a442', 'frm_dept_SYSTEM', 1, '부서관리', 'SINGLE', 'DEPLOYED', NULL, 'admin', getdate(), 'admin', getdate(), NULL, NULL, NULL, '', 
'<form id="frm_dept_SYSTEM" version="1" name="부서관리" title="부서관리" formType="null" systemName="SWOrgDept">
	<children>
		<formEntity id="2" name="아이디" title="아이디" systemName="id" systemType="string" system="true" array="false" required="false">
			<graphic hidden="false" readOnly="false" cellSize="1" contentsSize="213" height="-1" bgColor="16777215">
				<label visible="true" size="-1" loc="left">
					<textStyle size="14" color="NaN" align="left" bold="false" italic="false" underline="false">
						<font>Arial</font>
					</textStyle>
				</label>
				<textStyle size="12" color="NaN" align="left" bold="false" italic="false" underline="false">
					<font>Arial</font>
				</textStyle>
			</graphic>
			<expression/>
			<children/>
			<format type="textInput">
				<numeric minUse="" minNum="0" maxUse="" maxNum="10" stepSize="1" maxNumUse="false" minNumUse="false"/>
				<date yearUse="false" sunNotUse="false" monNotUse="false" tueNotUse="false" wedNotUse="false" thuNotUse="false" friNotUse="false" satNotUse="false"/>
				<list type="" refCodeCategoryId="null" refCodeCategoryName="null" listType="static">
					<staticItems/>
				</list>
				<refForm id="" ver="">
					<name/>
					<field id=""/>
				</refForm>
			</format>
		</formEntity>
		<formEntity id="10" name="부서이름" title="부서이름" systemName="name" systemType="string" system="true" array="false" required="false">
			<graphic hidden="false" readOnly="false" cellSize="1" contentsSize="213" height="-1" bgColor="16777215">
				<label visible="true" size="-1" loc="left">
					<textStyle size="14" color="NaN" align="left" bold="false" italic="false" underline="false">
						<font>Arial</font>
					</textStyle>
				</label>
				<textStyle size="12" color="NaN" align="left" bold="false" italic="false" underline="false">
					<font>Arial</font>
				</textStyle>
			</graphic>
			<expression/>
			<children/>
			<format type="textInput">
				<numeric minUse="" minNum="0" maxUse="" maxNum="10" stepSize="1" maxNumUse="false" minNumUse="false"/>
				<date yearUse="false" sunNotUse="false" monNotUse="false" tueNotUse="false" wedNotUse="false" thuNotUse="false" friNotUse="false" satNotUse="false"/>
				<list type="" refCodeCategoryId="null" refCodeCategoryName="null" listType="static">
					<staticItems/>
				</list>
				<refForm id="" ver="">
					<name/>
					<field id=""/>
				</refForm>
			</format>
		</formEntity>
		<formEntity id="4" name="회사" title="회사" systemName="companyid" systemType="string" system="true" array="false" required="false">
			<graphic hidden="false" readOnly="false" cellSize="1" contentsSize="213" height="-1" bgColor="16777215">
				<label visible="true" size="-1" loc="left">
					<textStyle size="14" color="NaN" align="left" bold="false" italic="false" underline="false">
						<font>Arial</font>
					</textStyle>
				</label>
				<textStyle size="12" color="NaN" align="left" bold="false" italic="false" underline="false">
					<font>Arial</font>
				</textStyle>
			</graphic>
			<expression/>
			<children/>
			<format type="refFormField">
				<numeric minUse="" minNum="0" maxUse="" maxNum="10" stepSize="1" maxNumUse="false" minNumUse="false"/>
				<date yearUse="false" sunNotUse="false" monNotUse="false" tueNotUse="false" wedNotUse="false" thuNotUse="false" friNotUse="false" satNotUse="false"/>
				<list type="" refCodeCategoryId="null" refCodeCategoryName="null" listType="static">
					<staticItems/>
				</list>
				<refForm id="frm_company_SYSTEM" ver="1">
					<name>회사관리</name>
					<field id="4">이름</field>
				</refForm>
			</format>
		</formEntity>
		<formEntity id="6" name="상위부서" title="상위부서" systemName="parentid" systemType="string" system="true" array="false" required="false">
			<graphic hidden="false" readOnly="false" cellSize="1" contentsSize="213" height="-1" bgColor="16777215">
				<label visible="true" size="-1" loc="left">
					<textStyle size="14" color="NaN" align="left" bold="false" italic="false" underline="false">
						<font>Arial</font>
					</textStyle>
				</label>
				<textStyle size="12" color="NaN" align="left" bold="false" italic="false" underline="false">
					<font>Arial</font>
				</textStyle>
			</graphic>
			<expression/>
			<children/>
			<format type="textInput">
				<numeric minUse="" minNum="0" maxUse="" maxNum="10" stepSize="1" maxNumUse="false" minNumUse="false"/>
				<date yearUse="false" sunNotUse="false" monNotUse="false" tueNotUse="false" wedNotUse="false" thuNotUse="false" friNotUse="false" satNotUse="false"/>
				<list type="" refCodeCategoryId="null" refCodeCategoryName="null" listType="static">
					<staticItems/>
				</list>
				<refForm id="" ver="">
					<name/>
					<field id=""/>
				</refForm>
			</format>
		</formEntity>
		<formEntity id="8" name="부서유형" title="부서유형" systemName="type" systemType="string" system="true" array="false" required="false">
			<graphic hidden="false" readOnly="false" cellSize="1" contentsSize="213" height="-1" bgColor="16777215">
				<label visible="true" size="-1" loc="left">
					<textStyle size="14" color="NaN" align="left" bold="false" italic="false" underline="false">
						<font>Arial</font>
					</textStyle>
				</label>
				<textStyle size="12" color="NaN" align="left" bold="false" italic="false" underline="false">
					<font>Arial</font>
				</textStyle>
			</graphic>
			<expression/>
			<children/>
			<format type="comboBox">
				<numeric minUse="" minNum="0" maxUse="" maxNum="10" stepSize="1" maxNumUse="false" minNumUse="false"/>
				<date yearUse="false" sunNotUse="false" monNotUse="false" tueNotUse="false" wedNotUse="false" thuNotUse="false" friNotUse="false" satNotUse="false"/>
				<list type="" refCodeCategoryId="null" refCodeCategoryName="null" listType="static">
					<staticItems>
						<staticItem>BASIC</staticItem>
						<staticItem>TEMP</staticItem>
					</staticItems>
				</list>
				<refForm id="" ver="">
					<name/>
					<field id=""/>
				</refForm>
			</format>
		</formEntity>
		<formEntity id="12" name="설명" title="설명" systemName="description" systemType="string" system="true" array="false" required="false">
			<graphic hidden="false" readOnly="false" cellSize="1" contentsSize="518" height="-1" bgColor="16777215">
				<label visible="true" size="-1" loc="left">
					<textStyle size="14" color="NaN" align="left" bold="false" italic="false" underline="false">
						<font>Arial</font>
					</textStyle>
				</label>
				<textStyle size="12" color="NaN" align="left" bold="false" italic="false" underline="false">
					<font>Arial</font>
				</textStyle>
			</graphic>
			<expression/>
			<children/>
			<format type="textArea">
				<numeric minUse="" minNum="0" maxUse="" maxNum="10" stepSize="1" maxNumUse="false" minNumUse="false"/>
				<date yearUse="false" sunNotUse="false" monNotUse="false" tueNotUse="false" wedNotUse="false" thuNotUse="false" friNotUse="false" satNotUse="false"/>
				<list type="" refCodeCategoryId="null" refCodeCategoryName="null" listType="static">
					<staticItems/>
				</list>
				<refForm id="" ver="">
					<name/>
					<field id=""/>
				</refForm>
			</format>
		</formEntity>
	</children>
	<mappings/>
	<graphic width="760" height="500" cellSize="2" currentEntityNum="13" currentMappingNum="0" styleId="null" scalePercent="100" titleHeight="30" itemHeightGap="7">
		<title>
			<textStyle size="20" color="NaN" align="center" bold="false" italic="false" underline="false">
				<font>Arial</font>
			</textStyle>
		</title>
		<space head="20" left="20" right="20" top="20" bottom="20"/>
		<textStyle size="11" color="NaN" align="left" bold="false" italic="false" underline="false">
			<font>verdana</font>
		</textStyle>
	</graphic>
	<setting nextPerformer="null" assignee="null"/>
	 <layout type="grid_layout" verticalGap="7" horizontalGap="5">
	<gridRow size="32">
		<gridCell size="358.5" span="1" fieldId="2"/>
		<gridCell size="358.5" span="1" fieldId="10"/>
	</gridRow>
	<gridRow size="32">
		<gridCell size="358.5" span="1" fieldId="4"/>
		<gridCell size="358.5" span="1" fieldId="6"/>
	</gridRow>
	<gridRow size="32">
		<gridCell size="358.5" span="1" fieldId="8"/>
		<gridCell size="358.5" span="1" fieldId=""/>
	</gridRow>
	<gridRow size="117">
		<gridCell size="760" span="2" fieldId="12"/>
	</gridRow>
	 </layout>
</form>', 'PUB_ALL');
INSERT INTO swform (id, packageid, formid, version, name, type, status, keyword, creator, createdtime, modifier, modifiedtime, ownerdept, owner, encoding, description, content, publishmode) 
VALUES ('40288afb1b280665011b28195cac0007', 'pkg_df40ac03a33c41d59586e4b201b433fd', 'frm_role_SYSTEM', 1, '역할관리', 'SINGLE', 'DEPLOYED', NULL, 'admin', getdate(), 'admin', getdate(), NULL, NULL, NULL, '', 
'<form id="frm_role_SYSTEM" version="1" name="역할관리" title="역할관리" formType="null" systemName="SWOrgRole">
	<children>
		<formEntity id="2" name="아이디" title="아이디" systemName="id" systemType="string" system="true" array="false" required="false">
			<graphic hidden="false" readOnly="false" cellSize="1" contentsSize="213" height="-1" bgColor="16777215">
				<label visible="true" size="-1" loc="left">
					<textStyle size="14" color="NaN" align="left" bold="false" italic="false" underline="false">
						<font>Arial</font>
					</textStyle>
				</label>
				<textStyle size="12" color="NaN" align="left" bold="false" italic="false" underline="false">
					<font>Arial</font>
				</textStyle>
			</graphic>
			<expression/>
			<children/>
			<format type="textInput">
				<numeric minUse="" minNum="0" maxUse="" maxNum="10" stepSize="1" maxNumUse="false" minNumUse="false"/>
				<date yearUse="false" sunNotUse="false" monNotUse="false" tueNotUse="false" wedNotUse="false" thuNotUse="false" friNotUse="false" satNotUse="false"/>
				<list type="" refCodeCategoryId="null" refCodeCategoryName="null" listType="static">
					<staticItems/>
				</list>
				<refForm id="" ver="">
					<name/>
					<field id=""/>
				</refForm>
			</format>
		</formEntity>
		<formEntity id="4" name="이름" title="이름" systemName="name" systemType="string" system="true" array="false" required="false">
			<graphic hidden="false" readOnly="false" cellSize="1" contentsSize="213" height="-1" bgColor="16777215">
				<label visible="true" size="-1" loc="left">
					<textStyle size="14" color="NaN" align="left" bold="false" italic="false" underline="false">
						<font>Arial</font>
					</textStyle>
				</label>
				<textStyle size="12" color="NaN" align="left" bold="false" italic="false" underline="false">
					<font>Arial</font>
				</textStyle>
			</graphic>
			<expression/>
			<children/>
			<format type="textInput">
				<numeric minUse="" minNum="0" maxUse="" maxNum="10" stepSize="1" maxNumUse="false" minNumUse="false"/>
				<date yearUse="false" sunNotUse="false" monNotUse="false" tueNotUse="false" wedNotUse="false" thuNotUse="false" friNotUse="false" satNotUse="false"/>
				<list type="" refCodeCategoryId="null" refCodeCategoryName="null" listType="static">
					<staticItems/>
				</list>
				<refForm id="" ver="">
					<name/>
					<field id=""/>
				</refForm>
			</format>
		</formEntity>
		<formEntity id="6" name="회사" title="회사" systemName="companyid" systemType="string" system="true" array="false" required="false">
			<graphic hidden="false" readOnly="false" cellSize="1" contentsSize="213" height="-1" bgColor="16777215">
				<label visible="true" size="-1" loc="left">
					<textStyle size="14" color="NaN" align="left" bold="false" italic="false" underline="false">
						<font>Arial</font>
					</textStyle>
				</label>
				<textStyle size="12" color="NaN" align="left" bold="false" italic="false" underline="false">
					<font>Arial</font>
				</textStyle>
			</graphic>
			<expression/>
			<children/>
			<format type="refFormField">
				<numeric minUse="" minNum="0" maxUse="" maxNum="10" stepSize="1" maxNumUse="false" minNumUse="false"/>
				<date yearUse="false" sunNotUse="false" monNotUse="false" tueNotUse="false" wedNotUse="false" thuNotUse="false" friNotUse="false" satNotUse="false"/>
				<list type="" refCodeCategoryId="null" refCodeCategoryName="null" listType="static">
					<staticItems/>
				</list>
				<refForm id="frm_company_SYSTEM" ver="1">
					<name>회사관리</name>
					<field id="4">이름</field>
				</refForm>
			</format>
		</formEntity>
		<formEntity id="8" name="설명" title="설명" systemName="description" systemType="string" system="true" array="false" required="false">
			<graphic hidden="false" readOnly="false" cellSize="1" contentsSize="518" height="-1" bgColor="16777215">
				<label visible="true" size="-1" loc="left">
					<textStyle size="14" color="NaN" align="left" bold="false" italic="false" underline="false">
						<font>Arial</font>
					</textStyle>
				</label>
				<textStyle size="12" color="NaN" align="left" bold="false" italic="false" underline="false">
					<font>Arial</font>
				</textStyle>
			</graphic>
			<expression/>
			<children/>
			<format type="textArea">
				<numeric minUse="" minNum="0" maxUse="" maxNum="10" stepSize="1" maxNumUse="false" minNumUse="false"/>
				<date yearUse="false" sunNotUse="false" monNotUse="false" tueNotUse="false" wedNotUse="false" thuNotUse="false" friNotUse="false" satNotUse="false"/>
				<list type="" refCodeCategoryId="null" refCodeCategoryName="null" listType="static">
					<staticItems/>
				</list>
				<refForm id="" ver="">
					<name/>
					<field id=""/>
				</refForm>
			</format>
		</formEntity>
	</children>
	<mappings/>
	<graphic width="760" height="500" cellSize="2" currentEntityNum="9" currentMappingNum="0" styleId="null" scalePercent="100" titleHeight="30" itemHeightGap="7">
		<title>
			<textStyle size="20" color="NaN" align="center" bold="false" italic="false" underline="false">
				<font>Arial</font>
			</textStyle>
		</title>
		<space head="20" left="20" right="20" top="20" bottom="20"/>
		<textStyle size="11" color="NaN" align="left" bold="false" italic="false" underline="false">
			<font>verdana</font>
		</textStyle>
	</graphic>
	<setting nextPerformer="null" assignee="null"/>
	 <layout type="grid_layout" verticalGap="7" horizontalGap="5">
	<gridRow size="32">
		<gridCell size="358.5" span="1" fieldId="2"/>
		<gridCell size="358.5" span="1" fieldId="4"/>
	</gridRow>
	<gridRow size="32">
		<gridCell size="358.5" span="1" fieldId="6"/>
		<gridCell size="358.5" span="1" fieldId=""/>
	</gridRow>
	<gridRow size="117">
		<gridCell size="760" span="2" fieldId="8"/>
	</gridRow>
	 </layout>
</form>', 'PUB_ALL');
INSERT INTO swform (id, packageid, formid, version, name, type, status, keyword, creator, createdtime, modifier, modifiedtime, ownerdept, owner, encoding, description, content, publishmode) 
VALUES ('ff8080811b3037ba011b3040c8950002', 'pkg_394ea78cec37434d922c73f09ab4b24e', 'frm_user_SYSTEM', 1, '사용자관리', 'SINGLE', 'DEPLOYED', NULL, 'admin', getdate(), 'admin', getdate(), NULL, NULL, NULL, '', 
'<form id="frm_user_SYSTEM" version="1" name="사용자관리" title="사용자관리" formType="null" systemName="SWOrgUser">
	<children>
		<formEntity id="2" name="아이디" title="아이디" systemName="id" systemType="string" system="true" array="false" required="false">
			<graphic hidden="false" readOnly="false" cellSize="1" contentsSize="213" height="-1" bgColor="16777215">
				<label visible="true" size="-1" loc="left">
					<textStyle size="14" color="0" align="left" bold="false" italic="false" underline="false">
						<font>Arial</font>
					</textStyle>
				</label>
				<textStyle size="12" color="0" align="left" bold="false" italic="false" underline="false">
					<font>Arial</font>
				</textStyle>
			</graphic>
			<expression/>
			<children/>
			<format type="textInput">
				<numeric minUse="" minNum="0" maxUse="" maxNum="10" stepSize="1" maxNumUse="false" minNumUse="false"/>
				<date yearUse="false" sunNotUse="false" monNotUse="false" tueNotUse="false" wedNotUse="false" thuNotUse="false" friNotUse="false" satNotUse="false"/>
				<list type="" refCodeCategoryId="null" refCodeCategoryName="null" listType="static">
					<staticItems/>
				</list>
				<refForm id="" ver="0">
					<name></name>
					<field id=""></field>
				</refForm>
			</format>
		</formEntity>
		<formEntity id="4" name="이름" title="이름" systemName="name" systemType="string" system="true" array="false" required="false">
			<graphic hidden="false" readOnly="false" cellSize="1" contentsSize="213" height="-1" bgColor="16777215">
				<label visible="true" size="-1" loc="left">
					<textStyle size="14" color="0" align="left" bold="false" italic="false" underline="false">
						<font>Arial</font>
					</textStyle>
				</label>
				<textStyle size="12" color="0" align="left" bold="false" italic="false" underline="false">
					<font>Arial</font>
				</textStyle>
			</graphic>
			<expression/>
			<children/>
			<format type="textInput">
				<numeric minUse="" minNum="0" maxUse="" maxNum="10" stepSize="1" maxNumUse="false" minNumUse="false"/>
				<date yearUse="false" sunNotUse="false" monNotUse="false" tueNotUse="false" wedNotUse="false" thuNotUse="false" friNotUse="false" satNotUse="false"/>
				<list type="" refCodeCategoryId="null" refCodeCategoryName="null" listType="static">
					<staticItems/>
				</list>
				<refForm id="" ver="0">
					<name></name>
					<field id=""></field>
				</refForm>
			</format>
		</formEntity>
		<formEntity id="6" name="회사" title="회사" systemName="companyid" systemType="string" system="true" array="false" required="false">
			<graphic hidden="false" readOnly="false" cellSize="1" contentsSize="213" height="-1" bgColor="16777215">
				<label visible="true" size="-1" loc="left">
					<textStyle size="14" color="0" align="left" bold="false" italic="false" underline="false">
						<font>Arial</font>
					</textStyle>
				</label>
				<textStyle size="12" color="0" align="left" bold="false" italic="false" underline="false">
					<font>Arial</font>
				</textStyle>
			</graphic>
			<expression/>
			<children/>
			<format type="refFormField">
				<numeric minUse="" minNum="0" maxUse="" maxNum="10" stepSize="1" maxNumUse="false" minNumUse="false"/>
				<date yearUse="false" sunNotUse="false" monNotUse="false" tueNotUse="false" wedNotUse="false" thuNotUse="false" friNotUse="false" satNotUse="false"/>
				<list type="" refCodeCategoryId="null" refCodeCategoryName="null" listType="static">
					<staticItems/>
				</list>
				<refForm id="frm_company_SYSTEM" ver="1">
					<name>회사관리</name>
					<field id="4">이름</field>
				</refForm>
			</format>
		</formEntity>
		<formEntity id="8" name="부서" title="부서" systemName="deptid" systemType="string" system="true" array="false" required="false">
			<graphic hidden="false" readOnly="false" cellSize="1" contentsSize="213" height="-1" bgColor="16777215">
				<label visible="true" size="-1" loc="left">
					<textStyle size="14" color="0" align="left" bold="false" italic="false" underline="false">
						<font>Arial</font>
					</textStyle>
				</label>
				<textStyle size="12" color="0" align="left" bold="false" italic="false" underline="false">
					<font>Arial</font>
				</textStyle>
			</graphic>
			<expression/>
			<children/>
			<format type="refFormField">
				<numeric minUse="" minNum="0" maxUse="" maxNum="10" stepSize="1" maxNumUse="false" minNumUse="false"/>
				<date yearUse="false" sunNotUse="false" monNotUse="false" tueNotUse="false" wedNotUse="false" thuNotUse="false" friNotUse="false" satNotUse="false"/>
				<list type="" refCodeCategoryId="null" refCodeCategoryName="null" listType="static">
					<staticItems/>
				</list>
				<refForm id="frm_dept_SYSTEM" ver="1">
					<name>부서관리</name>
					<field id="10">부서이름</field>
				</refForm>
			</format>
		</formEntity>
		<formEntity id="10" name="역할" title="역할" systemName="roleid" systemType="string" system="true" array="false" required="false">
			<graphic hidden="false" readOnly="false" cellSize="1" contentsSize="213" height="-1" bgColor="16777215">
				<label visible="true" size="-1" loc="left">
					<textStyle size="14" color="0" align="left" bold="false" italic="false" underline="false">
						<font>Arial</font>
					</textStyle>
				</label>
				<textStyle size="12" color="0" align="left" bold="false" italic="false" underline="false">
					<font>Arial</font>
				</textStyle>
			</graphic>
			<expression/>
			<children/>
			<format type="comboBox">
				<numeric minUse="" minNum="0" maxUse="" maxNum="10" stepSize="1" maxNumUse="false" minNumUse="false"/>
				<date yearUse="false" sunNotUse="false" monNotUse="false" tueNotUse="false" wedNotUse="false" thuNotUse="false" friNotUse="false" satNotUse="false"/>
				<list type="" refCodeCategoryId="null" refCodeCategoryName="null" listType="static">
					<staticItems>
						<staticItem>DEPT MEMBER</staticItem>
						<staticItem>DEPT LEADER</staticItem>
					</staticItems>
				</list>
				<refForm id="" ver="">
					<name/>
					<field id=""/>
				</refForm>
			</format>
		</formEntity>
		<formEntity id="38" name="권한" title="권한" systemName="authid" systemType="string" system="true" array="false" required="false">
			<graphic hidden="false" readOnly="false" cellSize="1" contentsSize="213" height="-1" bgColor="16777215">
				<label visible="true" size="-1" loc="left">
					<textStyle size="14" color="NaN" align="left" bold="false" italic="false" underline="false">
						<font>Arial</font>
					</textStyle>
				</label>
				<textStyle size="12" color="NaN" align="left" bold="false" italic="false" underline="false">
					<font>Arial</font>
				</textStyle>
			</graphic>
			<expression/>
			<children/>
			<format type="comboBox">
				<numeric minUse="" minNum="0" maxUse="" maxNum="10" stepSize="1" maxNumUse="false" minNumUse="false"/>
				<date yearUse="false" sunNotUse="false" monNotUse="false" tueNotUse="false" wedNotUse="false" thuNotUse="false" friNotUse="false" satNotUse="false"/>
				<list type="" refCodeCategoryId="null" refCodeCategoryName="null" listType="static">
					<staticItems>
						<staticItem>USER</staticItem>
						<staticItem>OPERATOR</staticItem>
						<staticItem>ADMINISTRATOR</staticItem>
					</staticItems>
				</list>
				<refForm id="" ver="">
					<name/>
					<field id=""/>
				</refForm>
			</format>
		</formEntity>
		<formEntity id="12" name="직원번호" title="직원번호" systemName="empno" systemType="string" system="true" array="false" required="false">
			<graphic hidden="false" readOnly="false" cellSize="1" contentsSize="213" height="-1" bgColor="16777215">
				<label visible="true" size="-1" loc="left">
					<textStyle size="14" color="0" align="left" bold="false" italic="false" underline="false">
						<font>Arial</font>
					</textStyle>
				</label>
				<textStyle size="12" color="0" align="left" bold="false" italic="false" underline="false">
					<font>Arial</font>
				</textStyle>
			</graphic>
			<expression/>
			<children/>
			<format type="textInput">
				<numeric minUse="" minNum="0" maxUse="" maxNum="10" stepSize="1" maxNumUse="false" minNumUse="false"/>
				<date yearUse="false" sunNotUse="false" monNotUse="false" tueNotUse="false" wedNotUse="false" thuNotUse="false" friNotUse="false" satNotUse="false"/>
				<list type="" refCodeCategoryId="null" refCodeCategoryName="null" listType="static">
					<staticItems/>
				</list>
				<refForm id="" ver="0">
					<name></name>
					<field id=""></field>
				</refForm>
			</format>
		</formEntity>
		<formEntity id="14" name="유형" title="유형" systemName="type" systemType="string" system="true" array="false" required="false">
			<graphic hidden="false" readOnly="false" cellSize="1" contentsSize="213" height="-1" bgColor="16777215">
				<label visible="true" size="-1" loc="left">
					<textStyle size="14" color="0" align="left" bold="false" italic="false" underline="false">
						<font>Arial</font>
					</textStyle>
				</label>
				<textStyle size="12" color="0" align="left" bold="false" italic="false" underline="false">
					<font>Arial</font>
				</textStyle>
			</graphic>
			<expression/>
			<children/>
			<format type="comboBox">
				<numeric minUse="" minNum="0" maxUse="" maxNum="10" stepSize="1" maxNumUse="false" minNumUse="false"/>
				<date yearUse="false" sunNotUse="false" monNotUse="false" tueNotUse="false" wedNotUse="false" thuNotUse="false" friNotUse="false" satNotUse="false"/>
				<list type="" refCodeCategoryId="null" refCodeCategoryName="null" listType="static">
					<staticItems>
						<staticItem>BASIC</staticItem>
						<staticItem>SYSTEM</staticItem>
						<staticItem>TEMP</staticItem>
					</staticItems>
				</list>
				<refForm id="" ver="0">
					<name></name>
					<field id=""></field>
				</refForm>
			</format>
		</formEntity>
		<formEntity id="16" name="직책" title="직책" systemName="pos" systemType="string" system="true" array="false" required="false">
			<graphic hidden="false" readOnly="false" cellSize="1" contentsSize="213" height="-1" bgColor="16777215">
				<label visible="true" size="-1" loc="left">
					<textStyle size="14" color="0" align="left" bold="false" italic="false" underline="false">
						<font>Arial</font>
					</textStyle>
				</label>
				<textStyle size="12" color="0" align="left" bold="false" italic="false" underline="false">
					<font>Arial</font>
				</textStyle>
			</graphic>
			<expression/>
			<children/>
			<format type="textInput">
				<numeric minUse="" minNum="0" maxUse="" maxNum="10" stepSize="1" maxNumUse="false" minNumUse="false"/>
				<date yearUse="false" sunNotUse="false" monNotUse="false" tueNotUse="false" wedNotUse="false" thuNotUse="false" friNotUse="false" satNotUse="false"/>
				<list type="" refCodeCategoryId="null" refCodeCategoryName="null" listType="static">
					<staticItems/>
				</list>
				<refForm id="" ver="0">
					<name></name>
					<field id=""></field>
				</refForm>
			</format>
		</formEntity>
		<formEntity id="18" name="언어" title="언어" systemName="lang" systemType="string" system="true" array="false" required="false">
			<graphic hidden="false" readOnly="false" cellSize="1" contentsSize="213" height="-1" bgColor="16777215">
				<label visible="true" size="-1" loc="left">
					<textStyle size="14" color="0" align="left" bold="false" italic="false" underline="false">
						<font>Arial</font>
					</textStyle>
				</label>
				<textStyle size="12" color="0" align="left" bold="false" italic="false" underline="false">
					<font>Arial</font>
				</textStyle>
			</graphic>
			<expression/>
			<children/>
			<format type="comboBox">
				<numeric minUse="" minNum="0" maxUse="" maxNum="10" stepSize="1" maxNumUse="false" minNumUse="false"/>
				<date yearUse="false" sunNotUse="false" monNotUse="false" tueNotUse="false" wedNotUse="false" thuNotUse="false" friNotUse="false" satNotUse="false"/>
				<list type="" refCodeCategoryId="null" refCodeCategoryName="null" listType="static">
					<staticItems>
						<staticItem>DEFAULT</staticItem>
						<staticItem>KOR</staticItem>
						<staticItem>ENG</staticItem>
					</staticItems>
				</list>
				<refForm id="" ver="0">
					<name></name>
					<field id=""></field>
				</refForm>
			</format>
		</formEntity>
		<formEntity id="20" name="표준시간대" title="표준시간대" systemName="stdtime" systemType="string" system="true" array="false" required="false">
			<graphic hidden="false" readOnly="false" cellSize="1" contentsSize="213" height="-1" bgColor="16777215">
				<label visible="true" size="-1" loc="left">
					<textStyle size="14" color="0" align="left" bold="false" italic="false" underline="false">
						<font>Arial</font>
					</textStyle>
				</label>
				<textStyle size="12" color="0" align="left" bold="false" italic="false" underline="false">
					<font>Arial</font>
				</textStyle>
			</graphic>
			<expression/>
			<children/>
			<format type="comboBox">
				<numeric minUse="" minNum="0" maxUse="" maxNum="10" stepSize="1" maxNumUse="false" minNumUse="false"/>
				<date yearUse="false" sunNotUse="false" monNotUse="false" tueNotUse="false" wedNotUse="false" thuNotUse="false" friNotUse="false" satNotUse="false"/>
				<list type="" refCodeCategoryId="null" refCodeCategoryName="null" listType="static">
					<staticItems>
						<staticItem>Asia/Seoul</staticItem>
						<staticItem>Asia/Tokyo</staticItem>
					</staticItems>
				</list>
				<refForm id="" ver="0">
					<name></name>
					<field id=""></field>
				</refForm>
			</format>
		</formEntity>
		<formEntity id="24" name="비밀번호" title="비밀번호" systemName="passwd" systemType="string" system="true" array="false" required="false">
			<graphic hidden="false" readOnly="false" cellSize="1" contentsSize="213" height="-1" bgColor="16777215">
				<label visible="true" size="-1" loc="left">
					<textStyle size="14" color="0" align="left" bold="false" italic="false" underline="false">
						<font>Arial</font>
					</textStyle>
				</label>
				<textStyle size="12" color="0" align="left" bold="false" italic="false" underline="false">
					<font>Arial</font>
				</textStyle>
			</graphic>
			<expression/>
			<children/>
			<format type="textInput">
				<numeric minUse="" minNum="0" maxUse="" maxNum="10" stepSize="1" maxNumUse="false" minNumUse="false"/>
				<date yearUse="false" sunNotUse="false" monNotUse="false" tueNotUse="false" wedNotUse="false" thuNotUse="false" friNotUse="false" satNotUse="false"/>
				<list type="" refCodeCategoryId="null" refCodeCategoryName="null" listType="static">
					<staticItems/>
				</list>
				<refForm id="" ver="0">
					<name></name>
					<field id=""></field>
				</refForm>
			</format>
		</formEntity>
		<formEntity id="22" name="이메일" title="이메일" systemName="email" systemType="string" system="true" array="false" required="false">
			<graphic hidden="false" readOnly="false" cellSize="1" contentsSize="518" height="-1" bgColor="16777215">
				<label visible="true" size="-1" loc="left">
					<textStyle size="14" color="0" align="left" bold="false" italic="false" underline="false">
						<font>Arial</font>
					</textStyle>
				</label>
				<textStyle size="12" color="0" align="left" bold="false" italic="false" underline="false">
					<font>Arial</font>
				</textStyle>
			</graphic>
			<expression/>
			<children/>
			<format type="textInput">
				<numeric minUse="" minNum="0" maxUse="" maxNum="10" stepSize="1" maxNumUse="false" minNumUse="false"/>
				<date yearUse="false" sunNotUse="false" monNotUse="false" tueNotUse="false" wedNotUse="false" thuNotUse="false" friNotUse="false" satNotUse="false"/>
				<list type="" refCodeCategoryId="null" refCodeCategoryName="null" listType="static">
					<staticItems/>
				</list>
				<refForm id="" ver="0">
					<name></name>
					<field id=""></field>
				</refForm>
			</format>
		</formEntity>
	</children>
	<mappings/>
	<graphic width="760" height="570" cellSize="2" currentEntityNum="39" currentMappingNum="0" styleId="null" scalePercent="100" titleHeight="30" itemHeightGap="7">
		<title>
			<textStyle size="20" color="0" align="center" bold="false" italic="false" underline="false">
				<font>Arial</font>
			</textStyle>
		</title>
		<space head="20" left="20" right="20" top="20" bottom="20"/>
		<textStyle size="11" color="0" align="left" bold="false" italic="false" underline="false">
			<font>verdana</font>
		</textStyle>
	</graphic>
	<setting nextPerformer="null" assignee="null"/>
	 <layout type="grid_layout" verticalGap="7" horizontalGap="5">
	<gridRow size="32">
		<gridCell size="358.5" span="1" fieldId="2"/>
		<gridCell size="358.5" span="1" fieldId="4"/>
	</gridRow>
	<gridRow size="32">
		<gridCell size="358.5" span="1" fieldId="6"/>
		<gridCell size="358.5" span="1" fieldId="8"/>
	</gridRow>
	<gridRow size="32">
		<gridCell size="358.5" span="1" fieldId="10"/>
		<gridCell size="358.5" span="1" fieldId="38"/>
	</gridRow>
	<gridRow size="32">
		<gridCell size="358.5" span="1" fieldId="12"/>
		<gridCell size="358.5" span="1" fieldId="14"/>
	</gridRow>
	<gridRow size="32">
		<gridCell size="358.5" span="1" fieldId="16"/>
		<gridCell size="358.5" span="1" fieldId="18"/>
	</gridRow>
	<gridRow size="32">
		<gridCell size="358.5" span="1" fieldId="20"/>
		<gridCell size="358.5" span="1" fieldId="24"/>
	</gridRow>
	<gridRow size="32">
		<gridCell size="760" span="2" fieldId="22"/>
	</gridRow>
	 </layout>
</form>', 'PUB_ALL');
--INSERT INTO swform (id, packageid, formid, version, name, type, status, keyword, creator, createdtime, modifier, modifiedtime, ownerdept, owner, encoding, description, content, publishmode) 
--VALUES ('40288afb1b25f00b011b25fab53a0003', 'pkg_24245093482e404fae15a7b48a55f854', 'frm_schedule_SYSTEM', 1, '일정관리', 'SINGLE', 'DEPLOYED', NULL, 'admin', getdate(), 'admin', getdate(), NULL, NULL, NULL, '', 
--'<form id="frm_schedule_SYSTEM" version="1" name="일정관리" title="일정관리" formType="null" systemName="SWSchedule">
--	<children>
--		<formEntity id="2" name="제목" title="제목" systemType="string" array="false" required="true" systemName="title" system="true">
--			<graphic displayOrder="" hidden="false" readOnly="false" cellSize="1" contentsSize="-1" height="-1" bgColor="16777215">
--				<label visible="true" size="-1" loc="left">
--					<textStyle size="14" color="0" align="left" bold="false" italic="false" underline="false">
--						<font>Arial</font>
--					</textStyle>
--				</label>
--				<textStyle size="12" color="0" align="left" bold="false" italic="false" underline="false">
--					<font>Arial</font>
--				</textStyle>
--			</graphic>
--			<children/>
--			<format type="textInput" viewingType="textInput"/>
--			<expression/>
--			<mappings>
--				<pre/>
--				<post/>
--			</mappings>
--		</formEntity>
--		<formEntity id="29" name="담당자" title="담당자" systemType="string" array="false" required="true" systemName="userid" system="true">
--			<graphic displayOrder="" hidden="false" readOnly="false" cellSize="1" contentsSize="-1" height="-1" bgColor="16777215">
--				<label visible="true" size="-1" loc="left">
--					<textStyle size="14" color="0" align="left" bold="false" italic="false" underline="false">
--						<font>Arial</font>
--					</textStyle>
--				</label>
--				<textStyle size="12" color="0" align="left" bold="false" italic="false" underline="false">
--					<font>Arial</font>
--				</textStyle>
--			</graphic>
--			<children/>
--			<format type="userField" viewingType="userField"/>
--			<expression/>
--			<mappings>
--				<pre>
--					<mapping id="126" type="mapping_form" name="사용자.현재 사용자" mappingFormId="user" formName="사용자" fieldId="mis:getCurrentUser" fieldName="현재 사용자" valueFunc="value" mappingFormType="system_form"/>
--				</pre>
--				<post/>
--			</mappings>
--		</formEntity>
--		<formEntity id="12" name="종류" title="종류" systemType="string" array="false" required="false" systemName="type" system="true">
--			<graphic displayOrder="" hidden="false" readOnly="false" cellSize="1" contentsSize="-1" height="-1" bgColor="16777215">
--				<label visible="true" size="-1" loc="left">
--					<textStyle size="14" color="0" align="left" bold="false" italic="false" underline="false">
--						<font>Arial</font>
--					</textStyle>
--				</label>
--				<textStyle size="12" color="0" align="left" bold="false" italic="false" underline="false">
--					<font>Arial</font>
--				</textStyle>
--			</graphic>
--			<children/>
--			<format type="comboBox" viewingType="comboBox">
--				<list type="" refCodeCategoryId="null" refCodeCategoryName="null" listType="static">
--					<staticItems>
--						<staticItem/>
--						<staticItem>회의</staticItem>
--						<staticItem>출장</staticItem>
--						<staticItem>휴가</staticItem>
--						<staticItem>교육</staticItem>
--						<staticItem>훈련</staticItem>
--						<staticItem>조찬</staticItem>
--						<staticItem>점심약속</staticItem>
--						<staticItem>저녁약속</staticItem>
--						<staticItem>기타</staticItem>
--					</staticItems>
--				</list>
--			</format>
--			<expression/>
--			<mappings>
--				<pre/>
--				<post/>
--			</mappings>
--		</formEntity>
--		<formEntity id="4" name="시작일자" title="시작일자" systemType="datetime" array="false" required="true" systemName="startdate" system="true">
--			<graphic displayOrder="" hidden="false" readOnly="false" cellSize="1" contentsSize="-1" height="-1" bgColor="16777215">
--				<label visible="true" size="-1" loc="left">
--					<textStyle size="14" color="0" align="left" bold="false" italic="false" underline="false">
--						<font>Arial</font>
--					</textStyle>
--				</label>
--				<textStyle size="12" color="0" align="left" bold="false" italic="false" underline="false">
--					<font>Arial</font>
--				</textStyle>
--			</graphic>
--			<children/>
--			<format type="dateChooser" viewingType="dateChooser">
--				<date yearUse="false" sunNotUse="false" monNotUse="false" tueNotUse="false" wedNotUse="false" thuNotUse="false" friNotUse="false" satNotUse="false"/>
--			</format>
--			<expression/>
--			<mappings>
--				<pre/>
--				<post/>
--			</mappings>
--		</formEntity>
--		<formEntity id="41" name="종료일자" title="종료일자" systemType="datetime" array="false" required="false" systemName="enddate" system="true">
--			<graphic displayOrder="" hidden="false" readOnly="false" cellSize="1" contentsSize="-1" height="-1" bgColor="16777215">
--				<label visible="true" size="-1" loc="left">
--					<textStyle size="14" color="0" align="left" bold="false" italic="false" underline="false">
--						<font>Arial</font>
--					</textStyle>
--				</label>
--				<textStyle size="12" color="0" align="left" bold="false" italic="false" underline="false">
--					<font>Arial</font>
--				</textStyle>
--			</graphic>
--			<children/>
--			<format type="dateChooser" viewingType="dateChooser">
--				<date yearUse="false" sunNotUse="false" monNotUse="false" tueNotUse="false" wedNotUse="false" thuNotUse="false" friNotUse="false" satNotUse="false"/>
--			</format>
--			<expression/>
--			<mappings>
--				<pre/>
--				<post/>
--			</mappings>
--		</formEntity>
--		<formEntity id="8" name="시작시간" title="시작시간" systemType="time" array="false" required="false" systemName="fromtime" system="true">
--			<graphic displayOrder="" hidden="false" readOnly="false" cellSize="1" contentsSize="-1" height="-1" bgColor="16777215">
--				<label visible="true" size="-1" loc="left">
--					<textStyle size="14" color="0" align="left" bold="false" italic="false" underline="false">
--						<font>Arial</font>
--					</textStyle>
--				</label>
--				<textStyle size="12" color="0" align="left" bold="false" italic="false" underline="false">
--					<font>Arial</font>
--				</textStyle>
--			</graphic>
--			<children/>
--			<format type="timeField" viewingType="timeField"/>
--			<expression/>
--			<mappings>
--				<pre/>
--				<post/>
--			</mappings>
--		</formEntity>
--		<formEntity id="10" name="종료시간" title="종료시간" systemType="time" array="false" required="false" systemName="totime" system="true">
--			<graphic displayOrder="" hidden="false" readOnly="false" cellSize="1" contentsSize="-1" height="-1" bgColor="16777215">
--				<label visible="true" size="-1" loc="left">
--					<textStyle size="14" color="0" align="left" bold="false" italic="false" underline="false">
--						<font>Arial</font>
--					</textStyle>
--				</label>
--				<textStyle size="12" color="0" align="left" bold="false" italic="false" underline="false">
--					<font>Arial</font>
--				</textStyle>
--			</graphic>
--			<children/>
--			<format type="timeField" viewingType="timeField"/>
--			<expression/>
--			<mappings>
--				<pre/>
--				<post/>
--			</mappings>
--		</formEntity>
--		<formEntity id="6" name="장소" title="장소" systemType="string" array="false" required="false" systemName="place" system="true">
--			<graphic displayOrder="" hidden="false" readOnly="false" cellSize="1" contentsSize="-1" height="-1" bgColor="16777215">
--				<label visible="true" size="-1" loc="left">
--					<textStyle size="14" color="0" align="left" bold="false" italic="false" underline="false">
--						<font>Arial</font>
--					</textStyle>
--				</label>
--				<textStyle size="12" color="0" align="left" bold="false" italic="false" underline="false">
--					<font>Arial</font>
--				</textStyle>
--			</graphic>
--			<children/>
--			<format type="textInput" viewingType="textInput"/>
--			<expression/>
--			<mappings>
--				<pre/>
--				<post/>
--			</mappings>
--		</formEntity>
--		<formEntity id="76" name="공개여부" title="공개여부" systemType="string" array="false" required="true" systemName="accessLevel" system="true">
--			<graphic displayOrder="" hidden="false" readOnly="false" cellSize="1" contentsSize="-1" height="-1" bgColor="16777215">
--				<label visible="true" size="-1" loc="left">
--					<textStyle size="14" color="0" align="left" bold="false" italic="false" underline="false">
--						<font>Arial</font>
--					</textStyle>
--				</label>
--				<textStyle size="12" color="0" align="left" bold="false" italic="false" underline="false">
--					<font>Arial</font>
--				</textStyle>
--			</graphic>
--			<children/>
--			<format type="comboBox" viewingType="comboBox">
--				<list type="" refCodeCategoryId="null" refCodeCategoryName="null" listType="static">
--					<staticItems>
--						<staticItem/>
--						<staticItem>공개</staticItem>
--						<staticItem>비공개</staticItem>
--					</staticItems>
--				</list>
--			</format>
--			<expression/>
--			<mappings>
--				<pre/>
--				<post/>
--			</mappings>
--		</formEntity>
--		<formEntity id="18" name="관련자" title="관련자" systemType="string" array="false" required="false" systemName="referencer" system="true">
--			<graphic displayOrder="" hidden="false" readOnly="false" cellSize="1" contentsSize="-1" height="-1" bgColor="16777215">
--				<label visible="true" size="-1" loc="left">
--					<textStyle size="14" color="0" align="left" bold="false" italic="false" underline="false">
--						<font>Arial</font>
--					</textStyle>
--				</label>
--				<textStyle size="12" color="0" align="left" bold="false" italic="false" underline="false">
--					<font>Arial</font>
--				</textStyle>
--			</graphic>
--			<children/>
--			<format type="userField" viewingType="userField"/>
--			<expression/>
--			<mappings>
--				<pre/>
--				<post/>
--			</mappings>
--		</formEntity>
--		<formEntity id="16" name="내용" title="내용" systemType="text" array="false" required="false" systemName="content" system="true">
--			<graphic displayOrder="" hidden="false" readOnly="false" cellSize="1" contentsSize="-1" height="-1" bgColor="16777215">
--				<label visible="true" size="-1" loc="left">
--					<textStyle size="14" color="0" align="left" bold="false" italic="false" underline="false">
--						<font>Arial</font>
--					</textStyle>
--				</label>
--				<textStyle size="12" color="0" align="left" bold="false" italic="false" underline="false">
--					<font>Arial</font>
--				</textStyle>
--			</graphic>
--			<children/>
--			<format type="richEditor" viewingType="richEditor"/>
--			<expression/>
--			<mappings>
--				<pre/>
--				<post/>
--			</mappings>
--		</formEntity>
--	</children>
--	<mappings/>
--	<graphic width="760" height="500" cellSize="1" currentEntityNum="176" currentMappingNum="0" styleId="null" scalePercent="100" titleHeight="30" itemHeightGap="7">
--		<title>
--			<textStyle size="20" color="0" align="center" bold="false" italic="false" underline="false">
--				<font>Arial</font>
--			</textStyle>
--		</title>
--		<space head="20" left="20" right="20" top="20" bottom="20"/>
--		<textStyle size="11" color="0" align="left" bold="false" italic="false" underline="false">
--			<font>verdana</font>
--		</textStyle>
--	</graphic>
--	<setting nextPerformer="null" assignee="null"/>
--	<layout type="grid_layout" verticalGap="1" horizontalGap="1">
--		<columns>
--			<gridColumn size="358.5" labelSize="80"/>
--			<gridColumn size="358.5" labelSize="80"/>
--		</columns>
--		<gridRow size="30">
--			<gridCell size="358.5" span="2" fieldId="2"/>
--		</gridRow>
--		<gridRow size="30">
--			<gridCell size="358.5" span="1" fieldId="29"/>
--			<gridCell size="358.5" span="1" fieldId="12"/>
--		</gridRow>
--		<gridRow size="30">
--			<gridCell size="358.5" span="1" fieldId="4"/>
--			<gridCell size="358.5" span="1" fieldId="41"/>
--		</gridRow>
--		<gridRow size="30">
--			<gridCell size="358.5" span="1" fieldId="8"/>
--			<gridCell size="358.5" span="1" fieldId="10"/>
--		</gridRow>
--		<gridRow size="30">
--			<gridCell size="358.5" span="2" fieldId="6"/>
--		</gridRow>
--		<gridRow size="30">
--			<gridCell size="358.5" span="1" fieldId="76"/>
--			<gridCell size="358.5" span="1" fieldId=""/>
--		</gridRow>
--		<gridRow size="30">
--			<gridCell size="358.5" span="1" fieldId="18"/>
--			<gridCell size="358.5" span="1" fieldId=""/>
--		</gridRow>
--		<gridRow size="126.5">
--			<gridCell size="358.5" span="2" fieldId="16"/>
--		</gridRow>
--	</layout>
--	<mappingForms/>
--</form>', 'PUB_ALL');
INSERT INTO swform (id, packageid, formid, version, name, type, status, keyword, creator, createdtime, modifier, modifiedtime, ownerdept, owner, encoding, description, content, publishmode) 
VALUES ('4028809b1bd3a395011bd3b825e00003', 'pkg_af2c5abbdc694feab78b2706c31f3bde', 'frm_board_SYSTEM', 1, '게시판', 'SINGLE', 'DEPLOYED', NULL, 'admin', getdate(), 'admin', getdate(), NULL, NULL, NULL, '', 
'<form id="frm_board_SYSTEM" version="1" name="게시판">
	<children>
		<formEntity id="2" name="제목" systemType="string" required="true" system="true" systemName="title">
			<children/>
			<format type="textInput" viewingType="textInput"/>
			<graphic hidden="false" readOnly="false" labelWidth="101" contentWidth="240" height="23" cellSize="1" fitWidth="false" verticalScrollPolicy="true" textAlign="left" fitToScreen="false" listEditable="false" multipleUsers="false"/>
		</formEntity>
		<formEntity id="4" name="중요도" systemType="string" required="true" system="true" systemName="priority">
			<children/>
			<format type="radioButton" viewingType="radioButton">
				<list type="" refCodeCategoryId="null" refCodeCategoryName="null" listType="static">
					<staticItems>
						<staticItem>상</staticItem>
						<staticItem>중</staticItem>
						<staticItem>하</staticItem>
					</staticItems>
				</list>
			</format>
			<graphic hidden="false" readOnly="false" labelWidth="101" contentWidth="278" height="23" cellSize="1" fitWidth="false" verticalScrollPolicy="true" textAlign="left" fitToScreen="false" listEditable="false" multipleUsers="false"/>
		</formEntity>
		<formEntity id="6" name="내용" systemType="text" required="true" system="true" systemName="content">
			<children/>
			<format type="richEditor" viewingType="richEditor"/>
			<graphic hidden="false" readOnly="false" labelWidth="101" contentWidth="633" height="97" cellSize="1" fitWidth="false" verticalScrollPolicy="true" textAlign="left" fitToScreen="false" listEditable="false" multipleUsers="false"/>
		</formEntity>
		<formEntity id="14" name="첨부파일" systemType="string" required="false" system="true" systemName="filegroupid">
			<children/>
			<format type="fileField" viewingType="fileField"/>
			<graphic hidden="false" readOnly="false" labelWidth="101" contentWidth="348" height="23" cellSize="1" fitWidth="false" verticalScrollPolicy="true" textAlign="left" fitToScreen="false" listEditable="false" multipleUsers="false"/>
		</formEntity>
		<formEntity id="18" name="전체공지" systemType="boolean" required="false" system="false">
			<children/>
			<format type="checkBox" viewingType="checkBox"/>
			<graphic hidden="false" readOnly="false" labelWidth="101" contentWidth="82" height="23" cellSize="1" fitWidth="false" verticalScrollPolicy="true" textAlign="left" fitToScreen="false" listEditable="false" multipleUsers="false"/>
		</formEntity>
	</children>
	<mappingForms/>
	<mappingServices/>
	<layout type="grid_layout">
		<columns>
			<gridColumn size="454.165749656121" labelSize="101.34800550206327"/>
			<gridColumn size="454.165749656121" labelSize="101.34800550206327"/>
		</columns>
		<gridRow size="30">
			<gridCell size="454.165749656121" span="2" rowSpan="1" gridColumnIndex="0" fieldId="2"/>
		</gridRow>
		<gridRow size="30">
			<gridCell size="454.165749656121" span="2" rowSpan="1" gridColumnIndex="0" fieldId="4"/>
		</gridRow>
		<gridRow size="104.5">
			<gridCell size="454.165749656121" span="2" rowSpan="1" gridColumnIndex="0" fieldId="6"/>
		</gridRow>
		<gridRow size="30">
			<gridCell size="0" span="2" rowSpan="1" gridColumnIndex="0" fieldId="18"/>
		</gridRow>
		<gridRow size="30">
			<gridCell size="0" span="2" rowSpan="1" gridColumnIndex="0" fieldId="14"/>
		</gridRow>
	</layout>
	<graphic width="923" height="392" currentEntityNum="19" currentMappingNum="0">
		<space/>
	</graphic>
</form>', 'PUB_ALL');
INSERT INTO swform (id, packageid, formid, version, name, type, status, keyword, creator, createdtime, modifier, modifiedtime, ownerdept, owner, encoding, description, content, publishmode) 
VALUES ('40288afb1b280665011b283293f8000d', 'pkg_dde3f719c50143cd821e6c46e8df8655', 'frm_contact_SYSTEM', 1, '연락처', 'SINGLE', 'DEPLOYED', NULL, 'admin', getdate(), 'admin', getdate(), NULL, NULL, NULL, '', 
'<form id="frm_contact_SYSTEM" version="1" name="연락처" title="연락처" formType="null" systemName="SWOrgContact">
	<children>
		<formEntity id="2" name="이름" title="이름" systemType="string" array="false" required="true" systemName="name" system="true">
			<graphic displayOrder="" hidden="false" readOnly="false" cellSize="1" contentsSize="-1" height="-1" bgColor="16777215">
				<label visible="true" size="-1" loc="left">
					<textStyle size="14" color="NaN" align="left" bold="false" italic="false" underline="false">
						<font>Arial</font>
					</textStyle>
				</label>
				<textStyle size="12" color="NaN" align="left" bold="false" italic="false" underline="false">
					<font>Arial</font>
				</textStyle>
			</graphic>
			<children/>
			<format type="textInput" viewingType="textInput"/>
			<expression/>
			<mappings>
				<pre/>
				<post/>
			</mappings>
		</formEntity>
		<formEntity id="4" name="회사" title="회사" systemType="string" array="false" required="false" systemName="companyid" system="true">
			<graphic displayOrder="" hidden="false" readOnly="false" cellSize="1" contentsSize="-1" height="-1" bgColor="16777215">
				<label visible="true" size="-1" loc="left">
					<textStyle size="14" color="NaN" align="left" bold="false" italic="false" underline="false">
						<font>Arial</font>
					</textStyle>
				</label>
				<textStyle size="12" color="NaN" align="left" bold="false" italic="false" underline="false">
					<font>Arial</font>
				</textStyle>
			</graphic>
			<children/>
			<format type="textInput" viewingType="textInput"/>
			<expression/>
			<mappings>
				<pre/>
				<post/>
			</mappings>
		</formEntity>
		<formEntity id="6" name="부서" title="부서" systemType="string" array="false" required="false" systemName="deptid" system="true">
			<graphic displayOrder="" hidden="false" readOnly="false" cellSize="1" contentsSize="-1" height="-1" bgColor="16777215">
				<label visible="true" size="-1" loc="left">
					<textStyle size="14" color="NaN" align="left" bold="false" italic="false" underline="false">
						<font>Arial</font>
					</textStyle>
				</label>
				<textStyle size="12" color="NaN" align="left" bold="false" italic="false" underline="false">
					<font>Arial</font>
				</textStyle>
			</graphic>
			<children/>
			<format type="textInput" viewingType="textInput"/>
			<expression/>
			<mappings>
				<pre/>
				<post/>
			</mappings>
		</formEntity>
		<formEntity id="8" name="직급" title="직급" systemType="string" array="false" required="false" systemName="pos" system="true">
			<graphic displayOrder="" hidden="false" readOnly="false" cellSize="1" contentsSize="-1" height="-1" bgColor="16777215">
				<label visible="true" size="-1" loc="left">
					<textStyle size="14" color="NaN" align="left" bold="false" italic="false" underline="false">
						<font>Arial</font>
					</textStyle>
				</label>
				<textStyle size="12" color="NaN" align="left" bold="false" italic="false" underline="false">
					<font>Arial</font>
				</textStyle>
			</graphic>
			<children/>
			<format type="textInput" viewingType="textInput"/>
			<expression/>
			<mappings>
				<pre/>
				<post/>
			</mappings>
		</formEntity>
		<formEntity id="12" name="핸드폰" title="핸드폰" systemType="string" array="false" required="false" systemName="telephone" system="true">
			<graphic displayOrder="" hidden="false" readOnly="false" cellSize="1" contentsSize="-1" height="-1" bgColor="16777215">
				<label visible="true" size="-1" loc="left">
					<textStyle size="14" color="NaN" align="left" bold="false" italic="false" underline="false">
						<font>Arial</font>
					</textStyle>
				</label>
				<textStyle size="12" color="NaN" align="left" bold="false" italic="false" underline="false">
					<font>Arial</font>
				</textStyle>
			</graphic>
			<children/>
			<format type="textInput" viewingType="textInput"/>
			<expression/>
			<mappings>
				<pre/>
				<post/>
			</mappings>
		</formEntity>
		<formEntity id="24" name="전화" title="전화" systemType="string" array="false" required="false" systemName="swcompphone" system="true">
			<graphic displayOrder="" hidden="false" readOnly="false" cellSize="1" contentsSize="-1" height="-1" bgColor="16777215">
				<label visible="true" size="-1" loc="left">
					<textStyle size="14" color="NaN" align="left" bold="false" italic="false" underline="false">
						<font>Arial</font>
					</textStyle>
				</label>
				<textStyle size="12" color="NaN" align="left" bold="false" italic="false" underline="false">
					<font>Arial</font>
				</textStyle>
			</graphic>
			<children/>
			<format type="textInput" viewingType="textInput"/>
			<expression/>
			<mappings>
				<pre/>
				<post/>
			</mappings>
		</formEntity>
		<formEntity id="28" name="팩스" title="팩스" systemType="string" array="false" required="false" systemName="swfax" system="true">
			<graphic displayOrder="" hidden="false" readOnly="false" cellSize="1" contentsSize="-1" height="-1" bgColor="16777215">
				<label visible="true" size="-1" loc="left">
					<textStyle size="14" color="NaN" align="left" bold="false" italic="false" underline="false">
						<font>Arial</font>
					</textStyle>
				</label>
				<textStyle size="12" color="NaN" align="left" bold="false" italic="false" underline="false">
					<font>Arial</font>
				</textStyle>
			</graphic>
			<children/>
			<format type="textInput" viewingType="textInput"/>
			<expression/>
			<mappings>
				<pre/>
				<post/>
			</mappings>
		</formEntity>
		<formEntity id="10" name="이메일" title="이메일" systemType="string" array="false" required="false" systemName="email" system="true">
			<graphic displayOrder="" hidden="false" readOnly="false" cellSize="1" contentsSize="-1" height="-1" bgColor="16777215">
				<label visible="true" size="-1" loc="left">
					<textStyle size="14" color="NaN" align="left" bold="false" italic="false" underline="false">
						<font>Arial</font>
					</textStyle>
				</label>
				<textStyle size="12" color="NaN" align="left" bold="false" italic="false" underline="false">
					<font>Arial</font>
				</textStyle>
			</graphic>
			<children/>
			<format type="textInput" viewingType="textInput"/>
			<expression/>
			<mappings>
				<pre/>
				<post/>
			</mappings>
		</formEntity>
		<formEntity id="40" name="주소" title="주소" systemType="string" array="false" required="false" systemName="swaddress" system="true">
			<graphic displayOrder="" hidden="false" readOnly="false" cellSize="1" contentsSize="-1" height="-1" bgColor="16777215">
				<label visible="true" size="-1" loc="left">
					<textStyle size="14" color="NaN" align="left" bold="false" italic="false" underline="false">
						<font>Arial</font>
					</textStyle>
				</label>
				<textStyle size="12" color="NaN" align="left" bold="false" italic="false" underline="false">
					<font>Arial</font>
				</textStyle>
			</graphic>
			<children/>
			<format type="textInput" viewingType="textInput"/>
			<expression/>
			<mappings>
				<pre/>
				<post/>
			</mappings>
		</formEntity>
		<formEntity id="44" name="국가" title="국가" systemType="string" array="false" required="false" systemName="swcountry" system="true">
			<graphic displayOrder="" hidden="false" readOnly="false" cellSize="1" contentsSize="-1" height="-1" bgColor="16777215">
				<label visible="true" size="-1" loc="left">
					<textStyle size="14" color="NaN" align="left" bold="false" italic="false" underline="false">
						<font>Arial</font>
					</textStyle>
				</label>
				<textStyle size="12" color="NaN" align="left" bold="false" italic="false" underline="false">
					<font>Arial</font>
				</textStyle>
			</graphic>
			<children/>
			<format type="textInput" viewingType="textInput"/>
			<expression/>
			<mappings>
				<pre/>
				<post/>
			</mappings>
		</formEntity>
		<formEntity id="48" name="범주" title="범주" systemType="string" array="false" required="false" systemName="swcat" system="true">
			<graphic displayOrder="" hidden="false" readOnly="false" cellSize="1" contentsSize="-1" height="-1" bgColor="16777215">
				<label visible="true" size="-1" loc="left">
					<textStyle size="14" color="NaN" align="left" bold="false" italic="false" underline="false">
						<font>Arial</font>
					</textStyle>
				</label>
				<textStyle size="12" color="NaN" align="left" bold="false" italic="false" underline="false">
					<font>Arial</font>
				</textStyle>
			</graphic>
			<children/>
			<format type="textInput" viewingType="textInput"/>
			<expression/>
			<mappings>
				<pre/>
				<post/>
			</mappings>
		</formEntity>
		<formEntity id="52" name="설명" title="설명" systemType="text" array="false" required="false" systemName="swdesc" system="true">
			<graphic displayOrder="" hidden="false" readOnly="false" cellSize="1" contentsSize="-1" height="-1" bgColor="16777215">
				<label visible="true" size="-1" loc="left">
					<textStyle size="14" color="NaN" align="left" bold="false" italic="false" underline="false">
						<font>Arial</font>
					</textStyle>
				</label>
				<textStyle size="12" color="NaN" align="left" bold="false" italic="false" underline="false">
					<font>Arial</font>
				</textStyle>
			</graphic>
			<children/>
			<format type="richEditor" viewingType="richEditor"/>
			<expression/>
			<mappings>
				<pre/>
				<post/>
			</mappings>
		</formEntity>
		<formEntity id="56" name="첨부파일" title="첨부파일" systemType="string" array="false" required="false" systemName="swattach" system="true">
			<graphic displayOrder="" hidden="false" readOnly="false" cellSize="1" contentsSize="-1" height="-1" bgColor="16777215">
				<label visible="true" size="-1" loc="left">
					<textStyle size="14" color="NaN" align="left" bold="false" italic="false" underline="false">
						<font>Arial</font>
					</textStyle>
				</label>
				<textStyle size="12" color="NaN" align="left" bold="false" italic="false" underline="false">
					<font>Arial</font>
				</textStyle>
			</graphic>
			<children/>
			<format type="fileField" viewingType="fileField"/>
			<expression/>
			<mappings>
				<pre/>
				<post/>
			</mappings>
		</formEntity>
	</children>
	<mappings/>
	<graphic width="760" height="500" cellSize="1" currentEntityNum="58" currentMappingNum="0" styleId="null" scalePercent="100" titleHeight="30" itemHeightGap="7">
		<title>
			<textStyle size="20" color="NaN" align="center" bold="false" italic="false" underline="false">
				<font>Arial</font>
			</textStyle>
		</title>
		<space head="20" left="20" right="20" top="20" bottom="20"/>
		<textStyle size="11" color="NaN" align="left" bold="false" italic="false" underline="false">
			<font>verdana</font>
		</textStyle>
	</graphic>
	<setting nextPerformer="null" assignee="null"/>
	<layout type="grid_layout" verticalGap="1" horizontalGap="1">
		<columns>
			<gridColumn size="358.5" labelSize="80"/>
			<gridColumn size="358.5" labelSize="80"/>
		</columns>
		<gridRow size="30">
			<gridCell size="358.5" span="2" fieldId="2"/>
		</gridRow>
		<gridRow size="30">
			<gridCell size="358.5" span="1" fieldId="4"/>
			<gridCell size="358.5" span="1" fieldId="6"/>
		</gridRow>
		<gridRow size="30">
			<gridCell size="358.5" span="1" fieldId="8"/>
			<gridCell size="358.5" span="1" fieldId="12"/>
		</gridRow>
		<gridRow size="30">
			<gridCell size="358.5" span="1" fieldId="24"/>
			<gridCell size="358.5" span="1" fieldId="28"/>
		</gridRow>
		<gridRow size="30">
			<gridCell size="358.5" span="2" fieldId="10"/>
		</gridRow>
		<gridRow size="30">
			<gridCell size="358.5" span="2" fieldId="40"/>
		</gridRow>
		<gridRow size="30">
			<gridCell size="358.5" span="1" fieldId="44"/>
			<gridCell size="358.5" span="1" fieldId="48"/>
		</gridRow>
		<gridRow size="111.5">
			<gridCell size="358.5" span="2" fieldId="52"/>
		</gridRow>
		<gridRow size="30">
			<gridCell size="358.5" span="2" fieldId="56"/>
		</gridRow>
	</layout>
	<mappingForms/>
</form>', 'PUB_ALL');
--INSERT INTO swform (id, packageid, formid, version, name, type, status, keyword, creator, createdtime, modifier, modifiedtime, ownerdept, owner, encoding, description, content, publishmode) 
--VALUES ('4028809b1bd4848a011bd48e7b700001', 'pkg_19281471d5c9404392fea653e627da9e', 'frm_document_SYSTEM', 1, '문서관리', 'SINGLE', 'DEPLOYED', NULL, 'admin', getdate(), 'admin', getdate(), NULL, NULL, NULL, '', 
--'<form id="frm_document_SYSTEM" version="1" name="문서관리" title="문서관리" formType="null" systemName="SWDocument">
--	<children>
--		<formEntity id="5" name="제목" title="제목" systemName="title" systemType="string" system="true" array="false" required="false">
--			<graphic hidden="false" readOnly="false" cellSize="1" contentsSize="518" height="-1" bgColor="16777215">
--				<label visible="true" size="-1" loc="left">
--					<textStyle size="14" color="NaN" align="left" bold="false" italic="false" underline="false">
--						<font>Arial</font>
--					</textStyle>
--				</label>
--				<textStyle size="12" color="NaN" align="left" bold="false" italic="false" underline="false">
--					<font>Arial</font>
--				</textStyle>
--			</graphic>
--			<expression/>
--			<children/>
--			<format type="textInput">
--				<numeric minUse="" minNum="0" maxUse="" maxNum="10" stepSize="1" maxNumUse="false" minNumUse="false"/>
--				<date yearUse="false" sunNotUse="false" monNotUse="false" tueNotUse="false" wedNotUse="false" thuNotUse="false" friNotUse="false" satNotUse="false"/>
--				<list type="" refCodeCategoryId="null" refCodeCategoryName="null" listType="static">
--					<staticItems/>
--				</list>
--				<refForm id="" ver="">
--					<name/>
--					<field id=""/>
--				</refForm>
--			</format>
--		</formEntity>
--		<formEntity id="7" name="문서번호" title="문서번호" systemName="code" systemType="string" system="true" array="false" required="false">
--			<graphic hidden="false" readOnly="false" cellSize="1" contentsSize="518" height="-1" bgColor="16777215">
--				<label visible="true" size="-1" loc="left">
--					<textStyle size="14" color="NaN" align="left" bold="false" italic="false" underline="false">
--						<font>Arial</font>
--					</textStyle>
--				</label>
--				<textStyle size="12" color="NaN" align="left" bold="false" italic="false" underline="false">
--					<font>Arial</font>
--				</textStyle>
--			</graphic>
--			<expression/>
--			<children/>
--			<format type="textInput">
--				<numeric minUse="" minNum="0" maxUse="" maxNum="10" stepSize="1" maxNumUse="false" minNumUse="false"/>
--				<date yearUse="false" sunNotUse="false" monNotUse="false" tueNotUse="false" wedNotUse="false" thuNotUse="false" friNotUse="false" satNotUse="false"/>
--				<list type="" refCodeCategoryId="null" refCodeCategoryName="null" listType="static">
--					<staticItems/>
--				</list>
--				<refForm id="" ver="">
--					<name/>
--					<field id=""/>
--				</refForm>
--			</format>
--		</formEntity>
--		<formEntity id="9" name="관리부서" title="관리부서" systemName="ownerdept" systemType="string" system="true" array="false" required="false">
--			<graphic hidden="false" readOnly="false" cellSize="1" contentsSize="213" height="-1" bgColor="16777215">
--				<label visible="true" size="-1" loc="left">
--					<textStyle size="14" color="NaN" align="left" bold="false" italic="false" underline="false">
--						<font>Arial</font>
--					</textStyle>
--				</label>
--				<textStyle size="12" color="NaN" align="left" bold="false" italic="false" underline="false">
--					<font>Arial</font>
--				</textStyle>
--			</graphic>
--			<expression/>
--			<children/>
--			<format type="refFormField">
--				<numeric minUse="" minNum="0" maxUse="" maxNum="10" stepSize="1" maxNumUse="false" minNumUse="false"/>
--				<date yearUse="false" sunNotUse="false" monNotUse="false" tueNotUse="false" wedNotUse="false" thuNotUse="false" friNotUse="false" satNotUse="false"/>
--				<list type="" refCodeCategoryId="null" refCodeCategoryName="null" listType="static">
--					<staticItems/>
--				</list>
--				<refForm id="frm_dept_SYSTEM" ver="1">
--					<name>부서관리</name>
--					<field id="10">부서이름</field>
--				</refForm>
--			</format>
--		</formEntity>
--		<formEntity id="11" name="관리담당자" title="관리담당자" systemName="owneruser" systemType="string" system="true" array="false" required="false">
--			<graphic hidden="false" readOnly="false" cellSize="1" contentsSize="213" height="-1" bgColor="16777215">
--				<label visible="true" size="-1" loc="left">
--					<textStyle size="14" color="NaN" align="left" bold="false" italic="false" underline="false">
--						<font>Arial</font>
--					</textStyle>
--				</label>
--				<textStyle size="12" color="NaN" align="left" bold="false" italic="false" underline="false">
--					<font>Arial</font>
--				</textStyle>
--			</graphic>
--			<expression/>
--			<children/>
--			<format type="userField">
--				<numeric minUse="" minNum="0" maxUse="" maxNum="10" stepSize="1" maxNumUse="false" minNumUse="false"/>
--				<date yearUse="false" sunNotUse="false" monNotUse="false" tueNotUse="false" wedNotUse="false" thuNotUse="false" friNotUse="false" satNotUse="false"/>
--				<list type="" refCodeCategoryId="null" refCodeCategoryName="null" listType="static">
--					<staticItems/>
--				</list>
--				<refForm id="" ver="">
--					<name/>
--					<field id=""/>
--				</refForm>
--			</format>
--		</formEntity>
--		<formEntity id="13" name="첨부파일" title="첨부파일" systemName="filegroupid" systemType="string" system="true" array="false" required="false">
--			<graphic hidden="false" readOnly="false" cellSize="1" contentsSize="518" height="-1" bgColor="16777215">
--				<label visible="true" size="-1" loc="left">
--					<textStyle size="14" color="NaN" align="left" bold="false" italic="false" underline="false">
--						<font>Arial</font>
--					</textStyle>
--				</label>
--				<textStyle size="12" color="NaN" align="left" bold="false" italic="false" underline="false">
--					<font>Arial</font>
--				</textStyle>
--			</graphic>
--			<expression/>
--			<children/>
--			<format type="fileField">
--				<numeric minUse="" minNum="0" maxUse="" maxNum="10" stepSize="1" maxNumUse="false" minNumUse="false"/>
--				<date yearUse="false" sunNotUse="false" monNotUse="false" tueNotUse="false" wedNotUse="false" thuNotUse="false" friNotUse="false" satNotUse="false"/>
--				<list type="" refCodeCategoryId="null" refCodeCategoryName="null" listType="static">
--					<staticItems/>
--				</list>
--				<refForm id="" ver="">
--					<name/>
--					<field id=""/>
--				</refForm>
--			</format>
--		</formEntity>
--	</children>
--	<mappings/>
--	<graphic width="760" height="500" cellSize="2" currentEntityNum="14" currentMappingNum="0" styleId="null" scalePercent="100" titleHeight="30" itemHeightGap="7">
--		<title>
--			<textStyle size="20" color="0" align="center" bold="false" italic="false" underline="false">
--				<font>Arial</font>
--			</textStyle>
--		</title>
--		<space head="20" left="20" right="20" top="20" bottom="20"/>
--		<textStyle size="11" color="0" align="left" bold="false" italic="false" underline="false">
--			<font>verdana</font>
--		</textStyle>
--	</graphic>
--	<setting nextPerformer="null" assignee="null"/>
--	<layout type="grid_layout" verticalGap="7" horizontalGap="5">
--		<gridRow size="32">
--			<gridCell size="760" span="2" fieldId="5"/>
--		</gridRow>
--		<gridRow size="32">
--			<gridCell size="760" span="2" fieldId="7"/>
--		</gridRow>
--		<gridRow size="32">
--			<gridCell size="358.5" span="1" fieldId="9"/>
--			<gridCell size="358.5" span="1" fieldId="11"/>
--		</gridRow>
--		<gridRow size="117">
--			<gridCell size="760" span="2" fieldId="13"/>
--		</gridRow>
--	</layout>
--</form>', 'PUB_ALL');
INSERT INTO swform (id, packageid, formid, version, name, type, status, keyword, creator, createdtime, modifier, modifiedtime, ownerdept, owner, encoding, description, content, publishmode) 
VALUES ('frm_default_SYSTEM', NULL, 'frm_default_SYSTEM', 1, '기본폼', 'PROCESS', 'DEPLOYED', NULL, 'admin', getdate(), 'admin', getdate(), NULL, NULL, NULL, '', 
'<form id="frm_board_SYSTEM" version="1" name="기본폼" title="기본폼" formType="null" systemName="SWDefault">
	<children>
		<formEntity id="2" name="제목" title="제목" systemName="title" systemType="string" system="true" array="false" required="false">
			<graphic hidden="false" readOnly="false" cellSize="1" contentsSize="518" height="-1" bgColor="16777215">
				<label visible="true" size="-1" loc="left">
					<textStyle size="14" color="0" align="left" bold="false" italic="false" underline="false">
						<font>Arial</font>
					</textStyle>
				</label>
				<textStyle size="12" color="0" align="left" bold="false" italic="false" underline="false">
					<font>Arial</font>
				</textStyle>
			</graphic>
			<expression/>
			<children/>
			<format type="textInput">
				<numeric minUse="" minNum="0" maxUse="" maxNum="10" stepSize="1" maxNumUse="false" minNumUse="false"/>
				<date yearUse="false" sunNotUse="false" monNotUse="false" tueNotUse="false" wedNotUse="false" thuNotUse="false" friNotUse="false" satNotUse="false"/>
				<list type="" refCodeCategoryId="null" refCodeCategoryName="null" listType="static">
					<staticItems/>
				</list>
				<refForm id="" ver="0">
					<name></name>
					<field id=""></field>
				</refForm>
			</format>
		</formEntity>
		<formEntity id="4" name="중요도" title="중요도" systemName="priority" systemType="string" system="true" array="false" required="false">
			<graphic hidden="false" readOnly="false" cellSize="1" contentsSize="518" height="-1" bgColor="16777215">
				<label visible="true" size="-1" loc="left">
					<textStyle size="14" color="0" align="left" bold="false" italic="false" underline="false">
						<font>Arial</font>
					</textStyle>
				</label>
				<textStyle size="12" color="0" align="left" bold="false" italic="false" underline="false">
					<font>Arial</font>
				</textStyle>
			</graphic>
			<expression/>
			<children/>
			<format type="radioButton">
				<numeric minUse="" minNum="0" maxUse="" maxNum="10" stepSize="1" maxNumUse="false" minNumUse="false"/>
				<date yearUse="false" sunNotUse="false" monNotUse="false" tueNotUse="false" wedNotUse="false" thuNotUse="false" friNotUse="false" satNotUse="false"/>
				<list type="" refCodeCategoryId="null" refCodeCategoryName="null" listType="static">
					<staticItems>
						<staticItem>높음</staticItem>
						<staticItem>중간</staticItem>
						<staticItem>낮음</staticItem>
					</staticItems>
				</list>
				<refForm id="" ver="0">
					<name></name>
					<field id=""></field>
				</refForm>
			</format>
		</formEntity>
		<formEntity id="6" name="내용" title="내용" systemName="content" systemType="text" system="true" array="false" required="false">
			<graphic hidden="false" readOnly="false" cellSize="1" contentsSize="518" height="-1" bgColor="16777215">
				<label visible="true" size="-1" loc="left">
					<textStyle size="14" color="0" align="left" bold="false" italic="false" underline="false">
						<font>Arial</font>
					</textStyle>
				</label>
				<textStyle size="12" color="0" align="left" bold="false" italic="false" underline="false">
					<font>Arial</font>
				</textStyle>
			</graphic>
			<expression/>
			<children/>
			<format type="richEditor">
				<numeric minUse="" minNum="0" maxUse="" maxNum="10" stepSize="1" maxNumUse="false" minNumUse="false"/>
				<date yearUse="false" sunNotUse="false" monNotUse="false" tueNotUse="false" wedNotUse="false" thuNotUse="false" friNotUse="false" satNotUse="false"/>
				<list type="" refCodeCategoryId="null" refCodeCategoryName="null" listType="static">
					<staticItems/>
				</list>
				<refForm id="" ver="0">
					<name></name>
					<field id=""></field>
				</refForm>
			</format>
		</formEntity>
	</children>
	<mappings/>
	<graphic width="760" height="500" cellSize="1" currentEntityNum="10" currentMappingNum="0" styleId="null" scalePercent="100" titleHeight="30" itemHeightGap="7">
		<title>
			<textStyle size="20" color="0" align="center" bold="false" italic="false" underline="false">
				<font>Arial</font>
			</textStyle>
		</title>
		<space head="20" left="20" right="20" top="20" bottom="20"/>
		<textStyle size="11" color="0" align="left" bold="false" italic="false" underline="false">
			<font>verdana</font>
		</textStyle>
	</graphic>
	<setting nextPerformer="null" assignee="null"/>
	<layout type="grid_layout" verticalGap="7" horizontalGap="5">
		<gridRow size="32">
			<gridCell size="760" span="1" fieldId="2"/>
		</gridRow>
		<gridRow size="32">
			<gridCell size="760" span="1" fieldId="4"/>
		</gridRow>
		<gridRow size="117">
			<gridCell size="760" span="1" fieldId="6"/>
		</gridRow>
	</layout>
</form>', 'PUB_ALL');

--새로추가
INSERT INTO swform (id, packageid, formid, version, name, type, status, keyword, creator, createdtime, modifier, modifiedtime, ownerdept, owner, encoding, description, content, publishmode) 
VALUES ('5e6caf381e8b82a9011eaa998886011e', 'pkg_d391d4cd01864b2cada59ab5a9b12cd5', 'frm_memo_SYSTEM', 1, '메모', 'SINGLE', 'DEPLOYED', NULL, 'admin', getdate(), 'admin', getdate(), NULL, NULL, NULL, '자유롭게 메모를 작성하여 관리할 수 있는 업무입니다.', 
'<form id="frm_memo_SYSTEM" version="1" name="메모">
	<children>
		<formEntity id="4" name="내용" systemType="text" required="true" system="false">
			<children/>
			<format type="richEditor" viewingType="richEditor"></format>
			<graphic hidden="false" readOnly="false" labelWidth="80" contentWidth="500" height="604" cellSize="1" fitWidth="false" verticalScrollPolicy="true"/>
		</formEntity>
		<formEntity id="12" name="제목" systemType="string" required="true" system="false">
			<children/>
			<format type="textInput" viewingType="textInput"></format>
			<graphic hidden="false" readOnly="false" labelWidth="80" contentWidth="190" height="23" cellSize="1" fitWidth="false" verticalScrollPolicy="true"/>
		</formEntity>
	</children>
	<mappingForms/>
	<layout type="grid_layout">
		<columns>
			<gridColumn size="358.5" labelSize="80"/>
			<gridColumn size="358.5" labelSize="80"/>
		</columns>
		<gridRow size="30">
			<gridCell size="0" span="2" fieldId="12"/>
		</gridRow>
		<gridRow size="611">
			<gridCell size="358.5" span="2" fieldId="4"/>
		</gridRow>
	</layout>
	<graphic width="760" height="735" currentEntityNum="18" currentMappingNum="0">
		<space head="20" left="20" right="20" top="20" bottom="20"/>
	</graphic>
</form>', 'PUB_ALL');

--INSERT INTO swform (id, packageid, formid, version, name, type, status, keyword, creator, createdtime, modifier, modifiedtime, ownerdept, owner, encoding, description, content, publishmode) 
--VALUES ('5e6caf381eaa9f66011eaa9f9c390003', 'pkg_8cecfe640f2c414483d23fb3b599e783', 'frm_61d962811d6244d180d409a9e88e3b3f', 1, '업무전달', 'SINGLE', 'DEPLOYED', NULL, 'admin', getdate(), 'admin', getdate(), NULL, NULL, NULL, '', 
--'<form id="frm_61d962811d6244d180d409a9e88e3b3f" version="1" name="업무전달">
--	<children>
--		<formEntity id="4" name="제목" systemType="string" required="true" system="false">
--			<children/>
--			<format type="textInput" viewingType="textInput"></format>
--			<graphic hidden="false" readOnly="false" labelWidth="80" contentWidth="190" height="23" cellSize="1" fitWidth="false" verticalScrollPolicy="true"/>
--		</formEntity>
--		<formEntity id="8" name="내용" systemType="text" required="true" system="false">
--			<children/>
--			<format type="richEditor" viewingType="richEditor"></format>
--			<graphic hidden="false" readOnly="false" labelWidth="80" contentWidth="500" height="417" cellSize="1" fitWidth="false" verticalScrollPolicy="true"/>
--		</formEntity>
--		<formEntity id="12" name="첨부파일" systemType="string" required="false" system="false">
--			<children/>
--			<format type="fileField" viewingType="fileField"></format>
--			<graphic hidden="false" readOnly="false" labelWidth="80" contentWidth="275" height="24" cellSize="1" fitWidth="false" verticalScrollPolicy="true"/>
--		</formEntity>
--	</children>
--	<mappingForms/>
--	<layout type="grid_layout">
--		<columns>
--			<gridColumn size="358.5" labelSize="80"/>
--			<gridColumn size="358.5" labelSize="80"/>
--		</columns>
--		<gridRow size="30">
--			<gridCell size="358.5" span="2" fieldId="4"/>
--		</gridRow>
--		<gridRow size="424">
--			<gridCell size="358.5" span="2" fieldId="8"/>
--		</gridRow>
--		<gridRow size="31">
--			<gridCell size="358.5" span="2" fieldId="12"/>
--		</gridRow>
--	</layout>
--	<graphic width="760" height="743" currentEntityNum="32" currentMappingNum="0">
--		<space head="20" left="20" right="20" top="20" bottom="20"/>
--	</graphic>
--</form>', 'PUB_ALL');

INSERT INTO swform (id, packageid, formid, version, name, type, status, keyword, creator, createdtime, modifier, modifiedtime, ownerdept, owner, encoding, description, content, publishmode) 
VALUES ('5e6caf3822c510890122c59199010038', 'pkg_309666dd2bb5493c9d7e618b3a0aad96', 'frm_attachment_SYSTEM', 1, '자료실', 'SINGLE', 'DEPLOYED', NULL, 'admin', getdate(), 'admin', getdate(), NULL, NULL, NULL, '회사 공통으로 사용하여 각종자료들을 등록 관리하는 정보관리업무입니다', 
'<form id="frm_attachment_SYSTEM" version="1" name="자료실">
	<children>
		<formEntity id="0" name="제목" systemType="string" required="true" system="false">
			<children/>
			<format type="textInput" viewingType="textInput"></format>
			<graphic hidden="false" readOnly="false" labelWidth="80" contentWidth="190" height="23" cellSize="1" fitWidth="false" verticalScrollPolicy="true"/>
		</formEntity>
		<formEntity id="1" name="검색어" systemType="string" required="true" system="false">
			<children/>
			<format type="textInput" viewingType="textInput"></format>
			<graphic hidden="false" readOnly="false" labelWidth="80" contentWidth="190" height="23" cellSize="1" fitWidth="false" verticalScrollPolicy="true"/>
		</formEntity>
		<formEntity id="2" name="관리부서" systemType="string" required="true" system="false">
			<children/>
			<format type="refFormField" viewingType="refFormField">
				<refForm id="frm_dept_SYSTEM" ver="0">
					<name>null</name>
					<category id="null">null</category>
					<field id="10">null</field>
				</refForm>
			</format>
			<graphic hidden="false" readOnly="false" labelWidth="80" contentWidth="190" height="23" cellSize="1" fitWidth="false" verticalScrollPolicy="true"/>
		</formEntity>
		<formEntity id="3" name="관리담당자" systemType="string" required="true" system="false">
			<children/>
			<format type="userField" viewingType="userField"></format>
			<graphic hidden="false" readOnly="false" labelWidth="80" contentWidth="130" height="23" cellSize="1" fitWidth="false" verticalScrollPolicy="false"/>
		</formEntity>
		<formEntity id="4" name="내용" systemType="text" required="false" system="false">
			<children/>
			<format type="richEditor" viewingType="richEditor"></format>
			<graphic hidden="false" readOnly="false" labelWidth="80" contentWidth="500" height="388" cellSize="1" fitWidth="false" verticalScrollPolicy="true"/>
		</formEntity>
		<formEntity id="5" name="첨부파일" systemType="string" required="true" system="false">
			<children/>
			<format type="fileField" viewingType="fileField"></format>
			<graphic hidden="false" readOnly="false" labelWidth="80" contentWidth="275" height="23" cellSize="1" fitWidth="false" verticalScrollPolicy="true"/>
		</formEntity>
	</children>
	<mappingForms/>
	<layout type="grid_layout">
		<columns>
			<gridColumn size="358.5" labelSize="80"/>
			<gridColumn size="358.5" labelSize="80"/>
		</columns>
		<gridRow size="30">
			<gridCell size="358.5" span="2" fieldId="0"/>
		</gridRow>
		<gridRow size="30">
			<gridCell size="358.5" span="2" fieldId="1"/>
		</gridRow>
		<gridRow size="30">
			<gridCell size="358.5" span="1" fieldId="2"/>
			<gridCell size="358.5" span="1" fieldId="3"/>
		</gridRow>
		<gridRow size="395.5">
			<gridCell size="358.5" span="2" fieldId="4"/>
		</gridRow>
		<gridRow size="30">
			<gridCell size="358.5" span="2" fieldId="5"/>
		</gridRow>
	</layout>
	<graphic width="760" height="605" currentEntityNum="6" currentMappingNum="0">
		<space head="20" left="20" right="20" top="20" bottom="10"/>
	</graphic>
</form>', 'PUB_ALL');

INSERT INTO swform (id, packageid, formid, version, name, type, status, keyword, creator, createdtime, modifier, modifiedtime, ownerdept, owner, encoding, description, content, publishmode) 
VALUES ('402880ec34e3d85d0134e3eb5768000c', 'pkg_c08a02b36192489fbc13fdb6bed6f5fc', 'frm_event_SYSTEM', 1, '이벤트', 'SINGLE', 'DEPLOYED', NULL, 'admin', getdate(), 'admin', getdate(), NULL, NULL, NULL, '',
'<form id="frm_event_SYSTEM" version="1" name="이벤트">
  <children>
    <formEntity id="0" name="이벤트이름" systemType="string" required="true" system="false">
      <children/>
      <format type="textInput" viewingType="textInput"></format>
      <graphic hidden="false" readOnly="false" labelWidth="146" contentWidth="347" height="23" cellSize="1" fitWidth="false" verticalScrollPolicy="true" textAlign="left" fitToScreen="false" listEditable="false" multipleUsers="false"/>
    </formEntity>
    <formEntity id="1" name="시작일자" systemType="datetime" required="true" system="false">
      <children/>
      <format type="dateTimeChooser" viewingType="dateTimeChooser">
        <date yearUse="false" sunNotUse="false" monNotUse="false" tueNotUse="false" wedNotUse="false" thuNotUse="false" friNotUse="false" satNotUse="false"/>
      </format>
      <graphic hidden="false" readOnly="false" labelWidth="146" contentWidth="237" height="23" cellSize="1" fitWidth="false" verticalScrollPolicy="true" textAlign="left" fitToScreen="false" listEditable="false" multipleUsers="false"/>
    </formEntity>
    <formEntity id="2" name="종료일자" systemType="datetime" required="false" system="false">
      <children/>
      <format type="dateTimeChooser" viewingType="dateTimeChooser">
        <date yearUse="false" sunNotUse="false" monNotUse="false" tueNotUse="false" wedNotUse="false" thuNotUse="false" friNotUse="false" satNotUse="false"/>
      </format>
      <graphic hidden="false" readOnly="false" labelWidth="146" contentWidth="237" height="23" cellSize="1" fitWidth="false" verticalScrollPolicy="true" textAlign="left" fitToScreen="false" listEditable="false" multipleUsers="false"/>
    </formEntity>
    <formEntity id="4" name="장소" systemType="string" required="false" system="false">
      <children/>
      <format type="textInput" viewingType="textInput"></format>
      <graphic hidden="false" readOnly="false" labelWidth="146" contentWidth="347" height="23" cellSize="1" fitWidth="false" verticalScrollPolicy="true" textAlign="left" fitToScreen="false" listEditable="false" multipleUsers="false"/>
    </formEntity>
    <formEntity id="5" name="참여자" systemType="string" required="false" system="false">
      <children/>
      <format type="userField" viewingType="userField"></format>
      <graphic hidden="false" readOnly="false" labelWidth="146" contentWidth="237" height="23" cellSize="1" fitWidth="false" verticalScrollPolicy="true" textAlign="left" fitToScreen="false" listEditable="false" multipleUsers="true"/>
    </formEntity>
    <formEntity id="6" name="이벤트내용" systemType="text" required="false" system="false">
      <children/>
      <format type="richEditor" viewingType="richEditor"></format>
      <graphic hidden="false" readOnly="false" labelWidth="146" contentWidth="915" height="259" cellSize="1" fitWidth="false" verticalScrollPolicy="true" textAlign="left" fitToScreen="false" listEditable="false" multipleUsers="false"/>
    </formEntity>
    <formEntity id="7" name="미리알림" systemType="string" required="false" system="false">
      <children/>
      <format type="comboBox" viewingType="comboBox">
        <list type="" refCodeCategoryId="null" refCodeCategoryName="null" listType="static">
          <staticItems>
            <staticItem>설정안함</staticItem>
            <staticItem>정시</staticItem>
            <staticItem>5분전</staticItem>
            <staticItem>10분전</staticItem>
            <staticItem>15분전</staticItem>
            <staticItem>30분전</staticItem>
            <staticItem>한시간전</staticItem>
            <staticItem>하루전</staticItem>
          </staticItems>
        </list>
      </format>
      <graphic hidden="false" readOnly="false" labelWidth="79" contentWidth="189" height="23" cellSize="1" fitWidth="false" verticalScrollPolicy="true" textAlign="left" fitToScreen="false" listEditable="false" multipleUsers="false"/>
    </formEntity>
  </children>
  <mappingForms/>
  <mappingServices/>
  <layout type="grid_layout">
    <columns>
      <gridColumn size="460.60179500795493" labelSize="100.73022128896787"/>
      <gridColumn size="460.60179500795493" labelSize="100.73022128896787"/>
      <gridColumn size="459.9547634680662" labelSize="79.67565821353577"/>
    </columns>
    <gridRow size="30">
      <gridCell size="692.5202713616541" span="3" rowSpan="1" gridColumnIndex="0" fieldId="0"/>
    </gridRow>
    <gridRow size="30">
      <gridCell size="692.5202713616541" span="1" rowSpan="1" gridColumnIndex="0" fieldId="1"/>
      <gridCell size="692.5202713616541" span="1" rowSpan="1" gridColumnIndex="1" fieldId="2"/>
      <gridCell size="99.59457276691973" span="1" rowSpan="1" gridColumnIndex="2" fieldId="7"/>
    </gridRow>
    <gridRow size="30">
      <gridCell size="692.5202713616541" span="3" rowSpan="1" gridColumnIndex="0" fieldId="4"/>
    </gridRow>
    <gridRow size="30">
      <gridCell size="692.5202713616541" span="3" rowSpan="1" gridColumnIndex="0" fieldId="5"/>
    </gridRow>
    <gridRow size="266">
      <gridCell size="692.5202713616541" span="3" rowSpan="1" gridColumnIndex="0" fieldId="6"/>
    </gridRow>
  </layout>
  <graphic width="1399" height="540" currentEntityNum="8" currentMappingNum="0">
    <space/>
  </graphic>
</form>', 'PUB_ALL');


INSERT INTO swform (id, packageid, formid, version, name, type, status, keyword, creator, createdtime, modifier, modifiedtime, ownerdept, owner, encoding, description, content, publishmode) 
VALUES ('402880ec34e3d85d0134e3e13ea00005', 'pkg_62eeb90b11e1466b86d2d7c4dadf63ca', 'frm_notice_SYSTEM', 1, '공지사항', 'SINGLE', 'DEPLOYED', NULL, 'admin', getdate(), 'admin', getdate(), NULL, NULL, NULL, '',
'<form id="frm_notice_SYSTEM" version="1" name="공지사항">
  <children>
    <formEntity id="0" name="제목" systemType="string" required="true" system="false">
      <children/>
      <format type="textInput" viewingType="textInput"></format>
      <graphic hidden="false" readOnly="false" labelWidth="113" contentWidth="269" height="23" cellSize="1" fitWidth="false" verticalScrollPolicy="true" textAlign="left" fitToScreen="false" listEditable="false" multipleUsers="false"/>
    </formEntity>
    <formEntity id="1" name="내용" systemType="text" required="true" system="false">
      <children/>
      <format type="richEditor" viewingType="richEditor"></format>
      <graphic hidden="false" readOnly="false" labelWidth="113" contentWidth="709" height="354" cellSize="1" fitWidth="false" verticalScrollPolicy="true" textAlign="left" fitToScreen="false" listEditable="false" multipleUsers="false"/>
    </formEntity>
    <formEntity id="2" name="첨부파일" systemType="string" required="false" system="false">
      <children/>
      <format type="fileField" viewingType="fileField"></format>
      <graphic hidden="false" readOnly="false" labelWidth="113" contentWidth="390" height="23" cellSize="1" fitWidth="false" verticalScrollPolicy="true" textAlign="left" fitToScreen="false" listEditable="false" multipleUsers="false"/>
    </formEntity>
  </children>
  <mappingForms/>
  <mappingServices/>
  <layout type="grid_layout">
    <columns>
      <gridColumn size="536.5610859728507" labelSize="78.04524886877827"/>
      <gridColumn size="536.5610859728507" labelSize="78.04524886877827"/>
    </columns>
    <gridRow size="30">
      <gridCell size="536.5610859728507" span="2" rowSpan="1" gridColumnIndex="0" fieldId="0"/>
    </gridRow>
    <gridRow size="271">
      <gridCell size="536.5610859728507" span="2" rowSpan="4" gridColumnIndex="0" fieldId="1"/>
    </gridRow>
    <gridRow size="30"/>
    <gridRow size="30"/>
    <gridRow size="30"/>
    <gridRow size="30">
      <gridCell size="536.5610859728507" span="2" rowSpan="1" gridColumnIndex="0" fieldId="2"/>
    </gridRow>
  </layout>
  <graphic width="1080" height="577" currentEntityNum="3" currentMappingNum="0">
    <space/>
  </graphic>
</form>', 'PUB_ALL');

--INSERT INTO swform (id, packageid, formid, version, name, type, status, keyword, creator, createdtime, modifier, modifiedtime, ownerdept, owner, encoding, description, content, publishmode) 
--VALUES ('5e6caf38206a62c601207f57f42e0105', 'pkg_2e50009cdcdc4b9dad40468fa48ba0c5', 'frm_c466f747a4bc413ea33acfbb40e72525', 1, '업무보고', 'SINGLE', 'DEPLOYED', NULL, 'admin', getdate(), 'admin', getdate(), NULL, NULL, NULL, '', 
--'<form id="frm_c466f747a4bc413ea33acfbb40e72525" version="1" name="업무보고">
--	<children>
--		<formEntity id="0" name="보고제목" systemType="string" required="true" system="false">
--			<children/>
--			<format type="textInput" viewingType="textInput"></format>
--			<graphic hidden="false" readOnly="false" labelWidth="80" contentWidth="190" height="23" cellSize="1" fitWidth="false" verticalScrollPolicy="true"/>
--		</formEntity>
--		<formEntity id="2" name="보고종류" systemType="string" required="true" system="false">
--			<children/>
--			<format type="comboBox" viewingType="comboBox">
--				<list type="" refCodeCategoryId="null" refCodeCategoryName="null" listType="static">
--					<staticItems>
--						<staticItem>수시보고</staticItem>
--						<staticItem>일일보고</staticItem>
--						<staticItem>주간보고</staticItem>
--						<staticItem>월간보고</staticItem>
--						<staticItem>기타</staticItem>
--					</staticItems>
--				</list>
--			</format>
--			<graphic hidden="false" readOnly="false" labelWidth="80" contentWidth="190" height="23" cellSize="1" fitWidth="false" verticalScrollPolicy="true"/>
--		</formEntity>
--		<formEntity id="4" name="보고부서" systemType="string" required="true" system="false">
--			<children/>
--			<format type="refFormField" viewingType="refFormField">
--				<refForm id="frm_dept_SYSTEM" ver="0">
--					<name>부서관리</name>
--					<category id="40288afb1b25f00b011b25f3c7950001">기본</category>
--					<field id="10">부서이름</field>
--				</refForm>
--			</format>
--			<graphic hidden="false" readOnly="false" labelWidth="80" contentWidth="190" height="23" cellSize="1" fitWidth="false" verticalScrollPolicy="true"/>
--		</formEntity>
--		<formEntity id="6" name="작성자" systemType="string" required="true" system="false">
--			<children/>
--			<mappings>
--				<pre>
--					<mapping name="사용자.현재 사용자" type="mapping_form" eachTime="false" mappingFormType="system_form" mappingFormId="user" formName="사용자" fieldId="mis:getCurrentUser" fieldName="현재 사용자" valueFunc="value"></mapping>
--				</pre>
--				<post/>
--			</mappings>
--			<format type="userField" viewingType="userField"></format>
--			<graphic hidden="false" readOnly="false" labelWidth="80" contentWidth="130" height="23" cellSize="1" fitWidth="false" verticalScrollPolicy="true"/>
--		</formEntity>
--		<formEntity id="8" name="작성일자" systemType="datetime" required="true" system="false">
--			<children/>
--			<mappings>
--				<pre>
--					<mapping name="일반.현재 날짜" type="mapping_form" eachTime="false" mappingFormType="system_form" mappingFormId="date" formName="일반" fieldId="mis:getCurrentDate" fieldName="현재 날짜" valueFunc="value"></mapping>
--				</pre>
--				<post/>
--			</mappings>
--			<format type="dateChooser" viewingType="dateChooser">
--				<date yearUse="false" sunNotUse="false" monNotUse="false" tueNotUse="false" wedNotUse="false" thuNotUse="false" friNotUse="false" satNotUse="false"/>
--			</format>
--			<graphic hidden="false" readOnly="false" labelWidth="80" contentWidth="130" height="23" cellSize="1" fitWidth="false" verticalScrollPolicy="true"/>
--		</formEntity>
--		<formEntity id="13" name="진행사항" systemType="text" required="false" system="false">
--			<children/>
--			<format type="richEditor" viewingType="richEditor"></format>
--			<graphic hidden="false" readOnly="false" labelWidth="80" contentWidth="500" height="262" cellSize="1" fitWidth="false" verticalScrollPolicy="true"/>
--		</formEntity>
--		<formEntity id="15" name="예정사항" systemType="text" required="false" system="false">
--			<children/>
--			<format type="richEditor" viewingType="richEditor"></format>
--			<graphic hidden="false" readOnly="false" labelWidth="80" contentWidth="500" height="263" cellSize="1" fitWidth="false" verticalScrollPolicy="true"/>
--		</formEntity>
--		<formEntity id="17" name="이슈사항" systemType="text" required="false" system="false">
--			<children/>
--			<format type="richEditor" viewingType="richEditor"></format>
--			<graphic hidden="false" readOnly="false" labelWidth="80" contentWidth="500" height="259" cellSize="1" fitWidth="false" verticalScrollPolicy="true"/>
--		</formEntity>
--		<formEntity id="19" name="첨부파일" systemType="string" required="false" system="false">
--			<children/>
--			<format type="fileField" viewingType="fileField"></format>
--			<graphic hidden="false" readOnly="false" labelWidth="80" contentWidth="275" height="23" cellSize="1" fitWidth="false" verticalScrollPolicy="true"/>
--		</formEntity>
--		<formEntity id="61" name="기간시작일" systemType="datetime" required="true" system="false">
--			<children/>
--			<format type="dateChooser" viewingType="dateChooser">
--				<date yearUse="false" sunNotUse="false" monNotUse="false" tueNotUse="false" wedNotUse="false" thuNotUse="false" friNotUse="false" satNotUse="false"/>
--			</format>
--			<graphic hidden="false" readOnly="false" labelWidth="80" contentWidth="130" height="23" cellSize="1" fitWidth="false" verticalScrollPolicy="true"/>
--		</formEntity>
--		<formEntity id="63" name="기간종료일" systemType="datetime" required="true" system="false">
--			<children/>
--			<format type="dateChooser" viewingType="dateChooser">
--				<date yearUse="false" sunNotUse="false" monNotUse="false" tueNotUse="false" wedNotUse="false" thuNotUse="false" friNotUse="false" satNotUse="false"/>
--			</format>
--			<graphic hidden="false" readOnly="false" labelWidth="80" contentWidth="130" height="23" cellSize="1" fitWidth="false" verticalScrollPolicy="true"/>
--		</formEntity>
--	</children>
--	<mappingForms/>
--	<layout type="grid_layout">
--		<columns>
--			<gridColumn size="358.5" labelSize="80"/>
--			<gridColumn size="358.5" labelSize="80"/>
--		</columns>
--		<gridRow size="30">
--			<gridCell size="358.5" span="2" fieldId="0"/>
--		</gridRow>
--		<gridRow size="30">
--			<gridCell size="358.5" span="1" fieldId="2"/>
--			<gridCell size="358.5" span="1" fieldId="4"/>
--		</gridRow>
--		<gridRow size="30">
--			<gridCell size="358.5" span="1" fieldId="6"/>
--			<gridCell size="358.5" span="1" fieldId="8"/>
--		</gridRow>
--		<gridRow size="30">
--			<gridCell size="358.5" span="1" fieldId="61"/>
--			<gridCell size="358.5" span="1" fieldId="63"/>
--		</gridRow>
--		<gridRow size="269.5">
--			<gridCell size="358.5" span="2" fieldId="13"/>
--		</gridRow>
--		<gridRow size="270">
--			<gridCell size="358.5" span="2" fieldId="15"/>
--		</gridRow>
--		<gridRow size="266.5">
--			<gridCell size="358.5" span="2" fieldId="17"/>
--		</gridRow>
--		<gridRow size="30">
--			<gridCell size="358.5" span="2" fieldId="19"/>
--		</gridRow>
--	</layout>
--	<graphic width="760" height="1052" currentEntityNum="65" currentMappingNum="0">
--		<space head="20" left="20" right="20" top="20" bottom="10"/>
--	</graphic>
--</form>', 'PUB_ALL');


-- 일반 기안 프로세스 업무를 기본카테고리에 디폴트로 추가시킨다(현재는 다운받은 업무 카테고리에 추가됨 수정 필요)

INSERT INTO LnkLnk (lnkObjId, lnkName, lnktype, lnkCreateUser, lnkCreateDate, lnkModifyUser, lnkModifyDate, lnkCorr, lnkFromType, lnkFromRef, lnkFromLabel, lnkFromExpr, lnkToType, lnkToRef, lnkToLabel, lnkToExpr, lnkCondType, lnkCondExpr) values ('pkg_cf3b0087995f4f99a41c93e2fe95b22d|prc_28f6b70603b3465982240da1ff800ea2|106', 'from:2_기안품의 | to:103_Xor103', 'process', 'admin', getdate(), 'admin', getdate(), NULL, 'taskdef', 'pkg_cf3b0087995f4f99a41c93e2fe95b22d|prc_28f6b70603b3465982240da1ff800ea2|2', '기안품의', NULL, 'taskdef', 'pkg_cf3b0087995f4f99a41c93e2fe95b22d|prc_28f6b70603b3465982240da1ff800ea2|103', 'Xor103', NULL, NULL, NULL);
INSERT INTO LnkLnk (lnkObjId, lnkName, lnktype, lnkCreateUser, lnkCreateDate, lnkModifyUser, lnkModifyDate, lnkCorr, lnkFromType, lnkFromRef, lnkFromLabel, lnkFromExpr, lnkToType, lnkToRef, lnkToLabel, lnkToExpr, lnkCondType, lnkCondExpr) values ('pkg_cf3b0087995f4f99a41c93e2fe95b22d|prc_28f6b70603b3465982240da1ff800ea2|15', 'from:13_대표이사승인 | to:14_결재완료', 'process', 'admin', getdate(), 'admin', getdate(), NULL, 'taskdef', 'pkg_cf3b0087995f4f99a41c93e2fe95b22d|prc_28f6b70603b3465982240da1ff800ea2|13', '대표이사승인', NULL, 'taskdef', 'pkg_cf3b0087995f4f99a41c93e2fe95b22d|prc_28f6b70603b3465982240da1ff800ea2|14', '결재완료', NULL, NULL, NULL);
INSERT INTO LnkLnk (lnkObjId, lnkName, lnktype, lnkCreateUser, lnkCreateDate, lnkModifyUser, lnkModifyDate, lnkCorr, lnkFromType, lnkFromRef, lnkFromLabel, lnkFromExpr, lnkToType, lnkToRef, lnkToLabel, lnkToExpr, lnkCondType, lnkCondExpr) values ('pkg_cf3b0087995f4f99a41c93e2fe95b22d|prc_28f6b70603b3465982240da1ff800ea2|234', 'from:9_승인자 결재 | to:10_Xor10', 'process', 'admin', getdate(), 'admin', getdate(), NULL, 'taskdef', 'pkg_cf3b0087995f4f99a41c93e2fe95b22d|prc_28f6b70603b3465982240da1ff800ea2|9', '승인자 결재', NULL, 'taskdef', 'pkg_cf3b0087995f4f99a41c93e2fe95b22d|prc_28f6b70603b3465982240da1ff800ea2|10', 'Xor10', NULL, NULL, NULL);
INSERT INTO LnkLnk (lnkObjId, lnkName, lnktype, lnkCreateUser, lnkCreateDate, lnkModifyUser, lnkModifyDate, lnkCorr, lnkFromType, lnkFromRef, lnkFromLabel, lnkFromExpr, lnkToType, lnkToRef, lnkToLabel, lnkToExpr, lnkCondType, lnkCondExpr) values ('pkg_cf3b0087995f4f99a41c93e2fe95b22d|prc_28f6b70603b3465982240da1ff800ea2|235', 'from:10_Xor10 | to:13_대표이사승인', 'process', 'admin', getdate(), 'admin', getdate(), NULL, 'taskdef', 'pkg_cf3b0087995f4f99a41c93e2fe95b22d|prc_28f6b70603b3465982240da1ff800ea2|10', 'Xor10', NULL, 'taskdef', 'pkg_cf3b0087995f4f99a41c93e2fe95b22d|prc_28f6b70603b3465982240da1ff800ea2|13', '대표이사승인', NULL, 'otherwise', '{$ActivityData.9.12.검토자} = ''''');
INSERT INTO LnkLnk (lnkObjId, lnkName, lnktype, lnkCreateUser, lnkCreateDate, lnkModifyUser, lnkModifyDate, lnkCorr, lnkFromType, lnkFromRef, lnkFromLabel, lnkFromExpr, lnkToType, lnkToRef, lnkToLabel, lnkToExpr, lnkCondType, lnkCondExpr) values ('pkg_cf3b0087995f4f99a41c93e2fe95b22d|prc_28f6b70603b3465982240da1ff800ea2|236', 'from:10_Xor10 | to:12_검토자확인', 'process', 'admin', getdate(), 'admin', getdate(), NULL, 'taskdef', 'pkg_cf3b0087995f4f99a41c93e2fe95b22d|prc_28f6b70603b3465982240da1ff800ea2|10', 'Xor10', NULL, 'taskdef', 'pkg_cf3b0087995f4f99a41c93e2fe95b22d|prc_28f6b70603b3465982240da1ff800ea2|12', '검토자확인', NULL, NULL, '{$ActivityData.9.12.검토자} != ''''');
INSERT INTO LnkLnk (lnkObjId, lnkName, lnktype, lnkCreateUser, lnkCreateDate, lnkModifyUser, lnkModifyDate, lnkCorr, lnkFromType, lnkFromRef, lnkFromLabel, lnkFromExpr, lnkToType, lnkToRef, lnkToLabel, lnkToExpr, lnkCondType, lnkCondExpr) values ('pkg_cf3b0087995f4f99a41c93e2fe95b22d|prc_28f6b70603b3465982240da1ff800ea2|237', 'from:12_검토자확인 | to:13_대표이사승인', 'process', 'admin', getdate(), 'admin', getdate(), NULL, 'taskdef', 'pkg_cf3b0087995f4f99a41c93e2fe95b22d|prc_28f6b70603b3465982240da1ff800ea2|12', '검토자확인', NULL, 'taskdef', 'pkg_cf3b0087995f4f99a41c93e2fe95b22d|prc_28f6b70603b3465982240da1ff800ea2|13', '대표이사승인', NULL, NULL, NULL);
INSERT INTO LnkLnk (lnkObjId, lnkName, lnktype, lnkCreateUser, lnkCreateDate, lnkModifyUser, lnkModifyDate, lnkCorr, lnkFromType, lnkFromRef, lnkFromLabel, lnkFromExpr, lnkToType, lnkToRef, lnkToLabel, lnkToExpr, lnkCondType, lnkCondExpr) values ('pkg_cf3b0087995f4f99a41c93e2fe95b22d|prc_28f6b70603b3465982240da1ff800ea2|238', 'from:14_결재완료 | to:16_End16', 'process', 'admin', getdate(), 'admin', getdate(), NULL, 'taskdef', 'pkg_cf3b0087995f4f99a41c93e2fe95b22d|prc_28f6b70603b3465982240da1ff800ea2|14', '결재완료', NULL, 'taskdef', 'pkg_cf3b0087995f4f99a41c93e2fe95b22d|prc_28f6b70603b3465982240da1ff800ea2|16', 'End16', NULL, 'otherwise', '{$ActivityData.13.12.승인여부} = ''승인''');
INSERT INTO LnkLnk (lnkObjId, lnkName, lnktype, lnkCreateUser, lnkCreateDate, lnkModifyUser, lnkModifyDate, lnkCorr, lnkFromType, lnkFromRef, lnkFromLabel, lnkFromExpr, lnkToType, lnkToRef, lnkToLabel, lnkToExpr, lnkCondType, lnkCondExpr) values ('pkg_cf3b0087995f4f99a41c93e2fe95b22d|prc_28f6b70603b3465982240da1ff800ea2|251', 'from:103_Xor103 | to:9_승인자 결재', 'process', 'admin', getdate(), 'admin', getdate(), NULL, 'taskdef', 'pkg_cf3b0087995f4f99a41c93e2fe95b22d|prc_28f6b70603b3465982240da1ff800ea2|103', 'Xor103', NULL, 'taskdef', 'pkg_cf3b0087995f4f99a41c93e2fe95b22d|prc_28f6b70603b3465982240da1ff800ea2|9', '승인자 결재', NULL, NULL, '{$ActivityData.2.466.기안 취소} = ''false'' && {$ActivityData.2.8.승인자} != ''''');
INSERT INTO LnkLnk (lnkObjId, lnkName, lnktype, lnkCreateUser, lnkCreateDate, lnkModifyUser, lnkModifyDate, lnkCorr, lnkFromType, lnkFromRef, lnkFromLabel, lnkFromExpr, lnkToType, lnkToRef, lnkToLabel, lnkToExpr, lnkCondType, lnkCondExpr) values ('pkg_cf3b0087995f4f99a41c93e2fe95b22d|prc_28f6b70603b3465982240da1ff800ea2|252', 'from:103_Xor103 | to:102_End102', 'process', 'admin', getdate(), 'admin', getdate(), NULL, 'taskdef', 'pkg_cf3b0087995f4f99a41c93e2fe95b22d|prc_28f6b70603b3465982240da1ff800ea2|103', 'Xor103', NULL, 'taskdef', 'pkg_cf3b0087995f4f99a41c93e2fe95b22d|prc_28f6b70603b3465982240da1ff800ea2|102', 'End102', NULL, 'otherwise', '{$ActivityData.2.466.기안 취소} = ''true''');
INSERT INTO LnkLnk (lnkObjId, lnkName, lnktype, lnkCreateUser, lnkCreateDate, lnkModifyUser, lnkModifyDate, lnkCorr, lnkFromType, lnkFromRef, lnkFromLabel, lnkFromExpr, lnkToType, lnkToRef, lnkToLabel, lnkToExpr, lnkCondType, lnkCondExpr) values ('pkg_cf3b0087995f4f99a41c93e2fe95b22d|prc_28f6b70603b3465982240da1ff800ea2|254', 'from:103_Xor103 | to:10_Xor10', 'process', 'admin', getdate(), 'admin', getdate(), NULL, 'taskdef', 'pkg_cf3b0087995f4f99a41c93e2fe95b22d|prc_28f6b70603b3465982240da1ff800ea2|103', 'Xor103', NULL, 'taskdef', 'pkg_cf3b0087995f4f99a41c93e2fe95b22d|prc_28f6b70603b3465982240da1ff800ea2|10', 'Xor10', NULL, NULL, '{$ActivityData.2.466.기안 취소} = ''false'' && {$ActivityData.2.8.승인자} = ''''');
INSERT INTO LnkLnk (lnkObjId, lnkName, lnktype, lnkCreateUser, lnkCreateDate, lnkModifyUser, lnkModifyDate, lnkCorr, lnkFromType, lnkFromRef, lnkFromLabel, lnkFromExpr, lnkToType, lnkToRef, lnkToLabel, lnkToExpr, lnkCondType, lnkCondExpr) values ('pkg_cf3b0087995f4f99a41c93e2fe95b22d|prc_28f6b70603b3465982240da1ff800ea2|4', 'from:1_시작 | to:2_기안품의', 'process', 'admin', getdate(), 'admin', getdate(), NULL, 'taskdef', 'pkg_cf3b0087995f4f99a41c93e2fe95b22d|prc_28f6b70603b3465982240da1ff800ea2|1', '시작', NULL, 'taskdef', 'pkg_cf3b0087995f4f99a41c93e2fe95b22d|prc_28f6b70603b3465982240da1ff800ea2|2', '기안품의', NULL, NULL, NULL);
INSERT INTO LnkLnk (lnkObjId, lnkName, lnktype, lnkCreateUser, lnkCreateDate, lnkModifyUser, lnkModifyDate, lnkCorr, lnkFromType, lnkFromRef, lnkFromLabel, lnkFromExpr, lnkToType, lnkToRef, lnkToLabel, lnkToExpr, lnkCondType, lnkCondExpr) values ('pkg_cf3b0087995f4f99a41c93e2fe95b22d|prc_28f6b70603b3465982240da1ff800ea2|63', 'from:14_결재완료 | to:2_기안품의', 'process', 'admin', getdate(), 'admin', getdate(), NULL, 'taskdef', 'pkg_cf3b0087995f4f99a41c93e2fe95b22d|prc_28f6b70603b3465982240da1ff800ea2|14', '결재완료', NULL, 'taskdef', 'pkg_cf3b0087995f4f99a41c93e2fe95b22d|prc_28f6b70603b3465982240da1ff800ea2|2', '기안품의', NULL, NULL, '{$ActivityData.13.12.승인여부} = ''기안자에게로 반려''');

INSERT INTO LnkLnkExtProp (lnkObjId, tskName, tskValue, lnkSeq) values ('pkg_cf3b0087995f4f99a41c93e2fe95b22d|prc_28f6b70603b3465982240da1ff800ea2|106', 'diagramId', 'pkg_cf3b0087995f4f99a41c93e2fe95b22d', '0');
INSERT INTO LnkLnkExtProp (lnkObjId, tskName, tskValue, lnkSeq) values ('pkg_cf3b0087995f4f99a41c93e2fe95b22d|prc_28f6b70603b3465982240da1ff800ea2|106', 'diagramVersion', '1', '1');
INSERT INTO LnkLnkExtProp (lnkObjId, tskName, tskValue, lnkSeq) values ('pkg_cf3b0087995f4f99a41c93e2fe95b22d|prc_28f6b70603b3465982240da1ff800ea2|106', 'processId', 'prc_28f6b70603b3465982240da1ff800ea2', '2');
INSERT INTO LnkLnkExtProp (lnkObjId, tskName, tskValue, lnkSeq) values ('pkg_cf3b0087995f4f99a41c93e2fe95b22d|prc_28f6b70603b3465982240da1ff800ea2|106', 'transitionId', '106', '3');
INSERT INTO LnkLnkExtProp (lnkObjId, tskName, tskValue, lnkSeq) values ('pkg_cf3b0087995f4f99a41c93e2fe95b22d|prc_28f6b70603b3465982240da1ff800ea2|15', 'diagramId', 'pkg_cf3b0087995f4f99a41c93e2fe95b22d', '0');
INSERT INTO LnkLnkExtProp (lnkObjId, tskName, tskValue, lnkSeq) values ('pkg_cf3b0087995f4f99a41c93e2fe95b22d|prc_28f6b70603b3465982240da1ff800ea2|15', 'diagramVersion', '1', '1');
INSERT INTO LnkLnkExtProp (lnkObjId, tskName, tskValue, lnkSeq) values ('pkg_cf3b0087995f4f99a41c93e2fe95b22d|prc_28f6b70603b3465982240da1ff800ea2|15', 'processId', 'prc_28f6b70603b3465982240da1ff800ea2', '2');
INSERT INTO LnkLnkExtProp (lnkObjId, tskName, tskValue, lnkSeq) values ('pkg_cf3b0087995f4f99a41c93e2fe95b22d|prc_28f6b70603b3465982240da1ff800ea2|15', 'transitionId', '15', '3');
INSERT INTO LnkLnkExtProp (lnkObjId, tskName, tskValue, lnkSeq) values ('pkg_cf3b0087995f4f99a41c93e2fe95b22d|prc_28f6b70603b3465982240da1ff800ea2|234', 'diagramId', 'pkg_cf3b0087995f4f99a41c93e2fe95b22d', '0');
INSERT INTO LnkLnkExtProp (lnkObjId, tskName, tskValue, lnkSeq) values ('pkg_cf3b0087995f4f99a41c93e2fe95b22d|prc_28f6b70603b3465982240da1ff800ea2|234', 'diagramVersion', '1', '1');
INSERT INTO LnkLnkExtProp (lnkObjId, tskName, tskValue, lnkSeq) values ('pkg_cf3b0087995f4f99a41c93e2fe95b22d|prc_28f6b70603b3465982240da1ff800ea2|234', 'processId', 'prc_28f6b70603b3465982240da1ff800ea2', '2');
INSERT INTO LnkLnkExtProp (lnkObjId, tskName, tskValue, lnkSeq) values ('pkg_cf3b0087995f4f99a41c93e2fe95b22d|prc_28f6b70603b3465982240da1ff800ea2|234', 'transitionId', '234', '3');
INSERT INTO LnkLnkExtProp (lnkObjId, tskName, tskValue, lnkSeq) values ('pkg_cf3b0087995f4f99a41c93e2fe95b22d|prc_28f6b70603b3465982240da1ff800ea2|235', 'diagramId', 'pkg_cf3b0087995f4f99a41c93e2fe95b22d', '0');
INSERT INTO LnkLnkExtProp (lnkObjId, tskName, tskValue, lnkSeq) values ('pkg_cf3b0087995f4f99a41c93e2fe95b22d|prc_28f6b70603b3465982240da1ff800ea2|235', 'diagramVersion', '1', '1');
INSERT INTO LnkLnkExtProp (lnkObjId, tskName, tskValue, lnkSeq) values ('pkg_cf3b0087995f4f99a41c93e2fe95b22d|prc_28f6b70603b3465982240da1ff800ea2|235', 'processId', 'prc_28f6b70603b3465982240da1ff800ea2', '2');
INSERT INTO LnkLnkExtProp (lnkObjId, tskName, tskValue, lnkSeq) values ('pkg_cf3b0087995f4f99a41c93e2fe95b22d|prc_28f6b70603b3465982240da1ff800ea2|235', 'transitionId', '235', '3');
INSERT INTO LnkLnkExtProp (lnkObjId, tskName, tskValue, lnkSeq) values ('pkg_cf3b0087995f4f99a41c93e2fe95b22d|prc_28f6b70603b3465982240da1ff800ea2|236', 'diagramId', 'pkg_cf3b0087995f4f99a41c93e2fe95b22d', '0');
INSERT INTO LnkLnkExtProp (lnkObjId, tskName, tskValue, lnkSeq) values ('pkg_cf3b0087995f4f99a41c93e2fe95b22d|prc_28f6b70603b3465982240da1ff800ea2|236', 'diagramVersion', '1', '1');
INSERT INTO LnkLnkExtProp (lnkObjId, tskName, tskValue, lnkSeq) values ('pkg_cf3b0087995f4f99a41c93e2fe95b22d|prc_28f6b70603b3465982240da1ff800ea2|236', 'processId', 'prc_28f6b70603b3465982240da1ff800ea2', '2');
INSERT INTO LnkLnkExtProp (lnkObjId, tskName, tskValue, lnkSeq) values ('pkg_cf3b0087995f4f99a41c93e2fe95b22d|prc_28f6b70603b3465982240da1ff800ea2|236', 'transitionId', '236', '3');
INSERT INTO LnkLnkExtProp (lnkObjId, tskName, tskValue, lnkSeq) values ('pkg_cf3b0087995f4f99a41c93e2fe95b22d|prc_28f6b70603b3465982240da1ff800ea2|237', 'diagramId', 'pkg_cf3b0087995f4f99a41c93e2fe95b22d', '0');
INSERT INTO LnkLnkExtProp (lnkObjId, tskName, tskValue, lnkSeq) values ('pkg_cf3b0087995f4f99a41c93e2fe95b22d|prc_28f6b70603b3465982240da1ff800ea2|237', 'diagramVersion', '1', '1');
INSERT INTO LnkLnkExtProp (lnkObjId, tskName, tskValue, lnkSeq) values ('pkg_cf3b0087995f4f99a41c93e2fe95b22d|prc_28f6b70603b3465982240da1ff800ea2|237', 'processId', 'prc_28f6b70603b3465982240da1ff800ea2', '2');
INSERT INTO LnkLnkExtProp (lnkObjId, tskName, tskValue, lnkSeq) values ('pkg_cf3b0087995f4f99a41c93e2fe95b22d|prc_28f6b70603b3465982240da1ff800ea2|237', 'transitionId', '237', '3');
INSERT INTO LnkLnkExtProp (lnkObjId, tskName, tskValue, lnkSeq) values ('pkg_cf3b0087995f4f99a41c93e2fe95b22d|prc_28f6b70603b3465982240da1ff800ea2|238', 'diagramId', 'pkg_cf3b0087995f4f99a41c93e2fe95b22d', '0');
INSERT INTO LnkLnkExtProp (lnkObjId, tskName, tskValue, lnkSeq) values ('pkg_cf3b0087995f4f99a41c93e2fe95b22d|prc_28f6b70603b3465982240da1ff800ea2|238', 'diagramVersion', '1', '1');
INSERT INTO LnkLnkExtProp (lnkObjId, tskName, tskValue, lnkSeq) values ('pkg_cf3b0087995f4f99a41c93e2fe95b22d|prc_28f6b70603b3465982240da1ff800ea2|238', 'processId', 'prc_28f6b70603b3465982240da1ff800ea2', '2');
INSERT INTO LnkLnkExtProp (lnkObjId, tskName, tskValue, lnkSeq) values ('pkg_cf3b0087995f4f99a41c93e2fe95b22d|prc_28f6b70603b3465982240da1ff800ea2|238', 'transitionId', '238', '3');
INSERT INTO LnkLnkExtProp (lnkObjId, tskName, tskValue, lnkSeq) values ('pkg_cf3b0087995f4f99a41c93e2fe95b22d|prc_28f6b70603b3465982240da1ff800ea2|251', 'diagramId', 'pkg_cf3b0087995f4f99a41c93e2fe95b22d', '0');
INSERT INTO LnkLnkExtProp (lnkObjId, tskName, tskValue, lnkSeq) values ('pkg_cf3b0087995f4f99a41c93e2fe95b22d|prc_28f6b70603b3465982240da1ff800ea2|251', 'diagramVersion', '1', '1');
INSERT INTO LnkLnkExtProp (lnkObjId, tskName, tskValue, lnkSeq) values ('pkg_cf3b0087995f4f99a41c93e2fe95b22d|prc_28f6b70603b3465982240da1ff800ea2|251', 'processId', 'prc_28f6b70603b3465982240da1ff800ea2', '2');
INSERT INTO LnkLnkExtProp (lnkObjId, tskName, tskValue, lnkSeq) values ('pkg_cf3b0087995f4f99a41c93e2fe95b22d|prc_28f6b70603b3465982240da1ff800ea2|251', 'transitionId', '251', '3');
INSERT INTO LnkLnkExtProp (lnkObjId, tskName, tskValue, lnkSeq) values ('pkg_cf3b0087995f4f99a41c93e2fe95b22d|prc_28f6b70603b3465982240da1ff800ea2|252', 'diagramId', 'pkg_cf3b0087995f4f99a41c93e2fe95b22d', '0');
INSERT INTO LnkLnkExtProp (lnkObjId, tskName, tskValue, lnkSeq) values ('pkg_cf3b0087995f4f99a41c93e2fe95b22d|prc_28f6b70603b3465982240da1ff800ea2|252', 'diagramVersion', '1', '1');
INSERT INTO LnkLnkExtProp (lnkObjId, tskName, tskValue, lnkSeq) values ('pkg_cf3b0087995f4f99a41c93e2fe95b22d|prc_28f6b70603b3465982240da1ff800ea2|252', 'processId', 'prc_28f6b70603b3465982240da1ff800ea2', '2');
INSERT INTO LnkLnkExtProp (lnkObjId, tskName, tskValue, lnkSeq) values ('pkg_cf3b0087995f4f99a41c93e2fe95b22d|prc_28f6b70603b3465982240da1ff800ea2|252', 'transitionId', '252', '3');
INSERT INTO LnkLnkExtProp (lnkObjId, tskName, tskValue, lnkSeq) values ('pkg_cf3b0087995f4f99a41c93e2fe95b22d|prc_28f6b70603b3465982240da1ff800ea2|254', 'diagramId', 'pkg_cf3b0087995f4f99a41c93e2fe95b22d', '0');
INSERT INTO LnkLnkExtProp (lnkObjId, tskName, tskValue, lnkSeq) values ('pkg_cf3b0087995f4f99a41c93e2fe95b22d|prc_28f6b70603b3465982240da1ff800ea2|254', 'diagramVersion', '1', '1');
INSERT INTO LnkLnkExtProp (lnkObjId, tskName, tskValue, lnkSeq) values ('pkg_cf3b0087995f4f99a41c93e2fe95b22d|prc_28f6b70603b3465982240da1ff800ea2|254', 'processId', 'prc_28f6b70603b3465982240da1ff800ea2', '2');
INSERT INTO LnkLnkExtProp (lnkObjId, tskName, tskValue, lnkSeq) values ('pkg_cf3b0087995f4f99a41c93e2fe95b22d|prc_28f6b70603b3465982240da1ff800ea2|254', 'transitionId', '254', '3');
INSERT INTO LnkLnkExtProp (lnkObjId, tskName, tskValue, lnkSeq) values ('pkg_cf3b0087995f4f99a41c93e2fe95b22d|prc_28f6b70603b3465982240da1ff800ea2|4', 'diagramId', 'pkg_cf3b0087995f4f99a41c93e2fe95b22d', '0');
INSERT INTO LnkLnkExtProp (lnkObjId, tskName, tskValue, lnkSeq) values ('pkg_cf3b0087995f4f99a41c93e2fe95b22d|prc_28f6b70603b3465982240da1ff800ea2|4', 'diagramVersion', '1', '1');
INSERT INTO LnkLnkExtProp (lnkObjId, tskName, tskValue, lnkSeq) values ('pkg_cf3b0087995f4f99a41c93e2fe95b22d|prc_28f6b70603b3465982240da1ff800ea2|4', 'processId', 'prc_28f6b70603b3465982240da1ff800ea2', '2');
INSERT INTO LnkLnkExtProp (lnkObjId, tskName, tskValue, lnkSeq) values ('pkg_cf3b0087995f4f99a41c93e2fe95b22d|prc_28f6b70603b3465982240da1ff800ea2|4', 'transitionId', '4', '3');
INSERT INTO LnkLnkExtProp (lnkObjId, tskName, tskValue, lnkSeq) values ('pkg_cf3b0087995f4f99a41c93e2fe95b22d|prc_28f6b70603b3465982240da1ff800ea2|63', 'diagramId', 'pkg_cf3b0087995f4f99a41c93e2fe95b22d', '0');
INSERT INTO LnkLnkExtProp (lnkObjId, tskName, tskValue, lnkSeq) values ('pkg_cf3b0087995f4f99a41c93e2fe95b22d|prc_28f6b70603b3465982240da1ff800ea2|63', 'diagramVersion', '1', '1');
INSERT INTO LnkLnkExtProp (lnkObjId, tskName, tskValue, lnkSeq) values ('pkg_cf3b0087995f4f99a41c93e2fe95b22d|prc_28f6b70603b3465982240da1ff800ea2|63', 'processId', 'prc_28f6b70603b3465982240da1ff800ea2', '2');
INSERT INTO LnkLnkExtProp (lnkObjId, tskName, tskValue, lnkSeq) values ('pkg_cf3b0087995f4f99a41c93e2fe95b22d|prc_28f6b70603b3465982240da1ff800ea2|63', 'transitionId', '63', '3');

INSERT INTO ColMap (colObjId, colName, colCreateUser, colCreateDate, colModifyUser, colModifyDate, colType, colFromType, colFromRef, colToType, colToRef) values ('5e6caf38235e3b9601236ddc13950088', '시작', 'admin', getdate(), 'admin', getdate(), 'taskadvisor', 'taskdef', 'pkg_cf3b0087995f4f99a41c93e2fe95b22d|prc_28f6b70603b3465982240da1ff800ea2|1', 'bean', 'routeTaskAdvisor');
INSERT INTO ColMap (colObjId, colName, colCreateUser, colCreateDate, colModifyUser, colModifyDate, colType, colFromType, colFromRef, colToType, colToRef) values ('5e6caf38235e3b9601236ddc13b40089', 'Xor10', 'admin', getdate(), 'admin', getdate(), 'taskadvisor', 'taskdef', 'pkg_cf3b0087995f4f99a41c93e2fe95b22d|prc_28f6b70603b3465982240da1ff800ea2|10', 'bean', 'xorTaskAdvisor');
INSERT INTO ColMap (colObjId, colName, colCreateUser, colCreateDate, colModifyUser, colModifyDate, colType, colFromType, colFromRef, colToType, colToRef) values ('5e6caf38235e3b9601236ddc13b4008a', '결재완료', 'admin', getdate(), 'admin', getdate(), 'taskadvisor', 'taskdef', 'pkg_cf3b0087995f4f99a41c93e2fe95b22d|prc_28f6b70603b3465982240da1ff800ea2|14', 'bean', 'xorTaskAdvisor');
INSERT INTO ColMap (colObjId, colName, colCreateUser, colCreateDate, colModifyUser, colModifyDate, colType, colFromType, colFromRef, colToType, colToRef) values ('5e6caf38235e3b9601236ddc13c4008b', 'End16', 'admin', getdate(), 'admin', getdate(), 'taskadvisor', 'taskdef', 'pkg_cf3b0087995f4f99a41c93e2fe95b22d|prc_28f6b70603b3465982240da1ff800ea2|16', 'bean', 'routeTaskAdvisor');
INSERT INTO ColMap (colObjId, colName, colCreateUser, colCreateDate, colModifyUser, colModifyDate, colType, colFromType, colFromRef, colToType, colToRef) values ('5e6caf38235e3b9601236ddc13c4008c', 'End102', 'admin', getdate(), 'admin', getdate(), 'taskadvisor', 'taskdef', 'pkg_cf3b0087995f4f99a41c93e2fe95b22d|prc_28f6b70603b3465982240da1ff800ea2|102', 'bean', 'routeTaskAdvisor');
INSERT INTO ColMap (colObjId, colName, colCreateUser, colCreateDate, colModifyUser, colModifyDate, colType, colFromType, colFromRef, colToType, colToRef) values ('5e6caf38235e3b9601236ddc13d4008d', 'Xor103', 'admin', getdate(), 'admin', getdate(), 'taskadvisor', 'taskdef', 'pkg_cf3b0087995f4f99a41c93e2fe95b22d|prc_28f6b70603b3465982240da1ff800ea2|103', 'bean', 'xorTaskAdvisor');

INSERT INTO ColMapExtProp (colObjId, tskName, tskValue, colSeq) values ('5e6caf38235e3b9601236ddc13950088', 'diagramId', 'pkg_cf3b0087995f4f99a41c93e2fe95b22d', '0');
INSERT INTO ColMapExtProp (colObjId, tskName, tskValue, colSeq) values ('5e6caf38235e3b9601236ddc13950088', 'diagramVersion', '1', '1');
INSERT INTO ColMapExtProp (colObjId, tskName, tskValue, colSeq) values ('5e6caf38235e3b9601236ddc13950088', 'processId', 'prc_28f6b70603b3465982240da1ff800ea2', '2');
INSERT INTO ColMapExtProp (colObjId, tskName, tskValue, colSeq) values ('5e6caf38235e3b9601236ddc13950088', 'activityId', '1', '3');
INSERT INTO ColMapExtProp (colObjId, tskName, tskValue, colSeq) values ('5e6caf38235e3b9601236ddc13b40089', 'diagramId', 'pkg_cf3b0087995f4f99a41c93e2fe95b22d', '0');
INSERT INTO ColMapExtProp (colObjId, tskName, tskValue, colSeq) values ('5e6caf38235e3b9601236ddc13b40089', 'diagramVersion', '1', '1');
INSERT INTO ColMapExtProp (colObjId, tskName, tskValue, colSeq) values ('5e6caf38235e3b9601236ddc13b40089', 'processId', 'prc_28f6b70603b3465982240da1ff800ea2', '2');
INSERT INTO ColMapExtProp (colObjId, tskName, tskValue, colSeq) values ('5e6caf38235e3b9601236ddc13b40089', 'activityId', '10', '3');
INSERT INTO ColMapExtProp (colObjId, tskName, tskValue, colSeq) values ('5e6caf38235e3b9601236ddc13b4008a', 'diagramId', 'pkg_cf3b0087995f4f99a41c93e2fe95b22d', '0');
INSERT INTO ColMapExtProp (colObjId, tskName, tskValue, colSeq) values ('5e6caf38235e3b9601236ddc13b4008a', 'diagramVersion', '1', '1');
INSERT INTO ColMapExtProp (colObjId, tskName, tskValue, colSeq) values ('5e6caf38235e3b9601236ddc13b4008a', 'processId', 'prc_28f6b70603b3465982240da1ff800ea2', '2');
INSERT INTO ColMapExtProp (colObjId, tskName, tskValue, colSeq) values ('5e6caf38235e3b9601236ddc13b4008a', 'activityId', '14', '3');
INSERT INTO ColMapExtProp (colObjId, tskName, tskValue, colSeq) values ('5e6caf38235e3b9601236ddc13c4008b', 'diagramId', 'pkg_cf3b0087995f4f99a41c93e2fe95b22d', '0');
INSERT INTO ColMapExtProp (colObjId, tskName, tskValue, colSeq) values ('5e6caf38235e3b9601236ddc13c4008b', 'diagramVersion', '1', '1');
INSERT INTO ColMapExtProp (colObjId, tskName, tskValue, colSeq) values ('5e6caf38235e3b9601236ddc13c4008b', 'processId', 'prc_28f6b70603b3465982240da1ff800ea2', '2');
INSERT INTO ColMapExtProp (colObjId, tskName, tskValue, colSeq) values ('5e6caf38235e3b9601236ddc13c4008b', 'activityId', '16', '3');
INSERT INTO ColMapExtProp (colObjId, tskName, tskValue, colSeq) values ('5e6caf38235e3b9601236ddc13c4008c', 'diagramId', 'pkg_cf3b0087995f4f99a41c93e2fe95b22d', '0');
INSERT INTO ColMapExtProp (colObjId, tskName, tskValue, colSeq) values ('5e6caf38235e3b9601236ddc13c4008c', 'diagramVersion', '1', '1');
INSERT INTO ColMapExtProp (colObjId, tskName, tskValue, colSeq) values ('5e6caf38235e3b9601236ddc13c4008c', 'processId', 'prc_28f6b70603b3465982240da1ff800ea2', '2');
INSERT INTO ColMapExtProp (colObjId, tskName, tskValue, colSeq) values ('5e6caf38235e3b9601236ddc13c4008c', 'activityId', '102', '3');
INSERT INTO ColMapExtProp (colObjId, tskName, tskValue, colSeq) values ('5e6caf38235e3b9601236ddc13d4008d', 'diagramId', 'pkg_cf3b0087995f4f99a41c93e2fe95b22d', '0');
INSERT INTO ColMapExtProp (colObjId, tskName, tskValue, colSeq) values ('5e6caf38235e3b9601236ddc13d4008d', 'diagramVersion', '1', '1');
INSERT INTO ColMapExtProp (colObjId, tskName, tskValue, colSeq) values ('5e6caf38235e3b9601236ddc13d4008d', 'processId', 'prc_28f6b70603b3465982240da1ff800ea2', '2');
INSERT INTO ColMapExtProp (colObjId, tskName, tskValue, colSeq) values ('5e6caf38235e3b9601236ddc13d4008d', 'activityId', '103', '3');

INSERT INTO PrcPrc (prcObjId, prcName, prcCreateUser, prcCreateDate, prcModifyUser, prcModifyDate, prcDId, prcDVer, prcPrcId, prcDiagram, tskDesc) values ('pkg_cf3b0087995f4f99a41c93e2fe95b22d|prc_28f6b70603b3465982240da1ff800ea2', '일반기안', 'jisook@maninsoft.co.kr', getdate(), 'jisook@maninsoft.co.kr', getdate(), 'pkg_cf3b0087995f4f99a41c93e2fe95b22d', '1', 'prc_28f6b70603b3465982240da1ff800ea2', '<xpdl:Package Id="pkg_cf3b0087995f4f99a41c93e2fe95b22d" Name="일반기안" xmlns:xpdl="http://www.wfmc.org/2004/XPDL2.0alpha">
  <xpdl:PackageHeader>
    <xpdl:XPDLVersion>2.0</xpdl:XPDLVersion>
    <xpdl:Vendor>ManInSoft</xpdl:Vendor>
    <xpdl:Created>Tue Feb 03 01:21:52 KST 2009</xpdl:Created>
    <xpdl:Description>null</xpdl:Description>
  </xpdl:PackageHeader>
  <xpdl:RedefinableHeader>
    <xpdl:Author>ysjung@maninsoft.co.kr</xpdl:Author>
    <xpdl:Version>1</xpdl:Version>
    <xpdl:Codepage>UTF-8</xpdl:Codepage>
    <xpdl:Countrykey>KR</xpdl:Countrykey>
  </xpdl:RedefinableHeader>
  <xpdl:Script Type="null" Version="null" Grammar="null"/>
  <xpdl:Pools>
    <xpdl:Pool Orientation="HORIZONTAL" Process="null" BoundaryVisible="false" Id="0" Name="프로세스">
      <xpdl:Lanes>
        <xpdl:Lane Id="0" Name="대표이사" ParentLane="0">
          <xpdl:NodeGraphicsInfos>
            <xpdl:NodeGraphicsInfo Page="0" Height="90" Width="21" BorderColor="0" FillColor="16777215" HeadColor="13421772"/>
          </xpdl:NodeGraphicsInfos>
        </xpdl:Lane>
        <xpdl:Lane Id="1" Name="승인 및 검토" ParentLane="0">
          <xpdl:NodeGraphicsInfos>
            <xpdl:NodeGraphicsInfo Page="0" Height="99" Width="21" BorderColor="0" FillColor="16777215" HeadColor="13421772"/>
          </xpdl:NodeGraphicsInfos>
        </xpdl:Lane>
        <xpdl:Lane Id="2" Name="기안자" ParentLane="0">
          <xpdl:NodeGraphicsInfos>
            <xpdl:NodeGraphicsInfo Page="0" Height="142" Width="21" BorderColor="0" FillColor="16777215" HeadColor="13421772"/>
          </xpdl:NodeGraphicsInfos>
        </xpdl:Lane>
      </xpdl:Lanes>
      <xpdl:NodeGraphicsInfos>
        <xpdl:NodeGraphicsInfo Width="676" Height="331" BorderColor="0" FillColor="10066329" TextColor="0" Shadow="false" Gradient="false">
          <xpdl:Coordinates XCoordinate="10" YCoordinate="10"/>
        </xpdl:NodeGraphicsInfo>
      </xpdl:NodeGraphicsInfos>
    </xpdl:Pool>
  </xpdl:Pools>
  <xpdl:WorkflowProcesses>
    <xpdl:WorkflowProcess Id="prc_28f6b70603b3465982240da1ff800ea2" Name="일반기안" AccessLevel="null" Status="null">
      <xpdl:ProcessHeader DurationUnit="null">
        <xpdl:Created>null</xpdl:Created>
        <xpdl:Description/>
      </xpdl:ProcessHeader>
      <xpdl:RedefinableHeader>
        <xpdl:Author>null</xpdl:Author>
        <xpdl:Version>null</xpdl:Version>
        <xpdl:Codepage>null</xpdl:Codepage>
        <xpdl:Countrykey>null</xpdl:Countrykey>
      </xpdl:RedefinableHeader>
      <xpdl:Activities>
        <xpdl:Activity StartActivity="false" PerformerName="" Id="1" Name="시작">
          <xpdl:Event>
            <xpdl:StartEvent Trigger="None"/>
          </xpdl:Event>
          <xpdl:Performers/>
          <xpdl:DataFields/>
          <xpdl:Assignments/>
          <xpdl:NodeGraphicsInfos>
            <xpdl:NodeGraphicsInfo Width="30" Height="30" BorderColor="0" FillColor="10860750" TextColor="0" Shadow="true" Gradient="true" LaneId="2">
              <xpdl:Coordinates XCoordinate="27" YCoordinate="278"/>
            </xpdl:NodeGraphicsInfo>
          </xpdl:NodeGraphicsInfos>
        </xpdl:Activity>
        <xpdl:Activity StartActivity="true" PerformerName="기안자" Id="2" Name="기안품의">
          <xpdl:Implementation>
            <xpdl:Task>
              <xpdl:TaskApplication Id="WorkListManager" Name="frm_c19b1fe4bceb4732acbb8a4cd2a57474" FormName="기안품의" Version="1" UserTaskType="" ApprovalRequired="false"/>
            </xpdl:Task>
          </xpdl:Implementation>
          <xpdl:Performers>
            <xpdl:Performer>4</xpdl:Performer>
          </xpdl:Performers>
          <xpdl:DataFields>
            <xpdl:DataField Id="92" Name="내용" IsArray="false">
              <xpdl:DataType>
                <xpdl:BasicType Type="text"/>
              </xpdl:DataType>
            </xpdl:DataField>
            <xpdl:DataField Id="16" Name="대표이사" IsArray="false">
              <xpdl:DataType>
                <xpdl:BasicType Type="string"/>
              </xpdl:DataType>
            </xpdl:DataField>
            <xpdl:DataField Id="466" Name="기안 취소" IsArray="false">
              <xpdl:DataType>
                <xpdl:BasicType Type="boolean"/>
              </xpdl:DataType>
            </xpdl:DataField>
            <xpdl:DataField Id="4" Name="기안자" IsArray="false">
              <xpdl:DataType>
                <xpdl:BasicType Type="string"/>
              </xpdl:DataType>
            </xpdl:DataField>
            <xpdl:DataField Id="8" Name="승인자" IsArray="false">
              <xpdl:DataType>
                <xpdl:BasicType Type="string"/>
              </xpdl:DataType>
            </xpdl:DataField>
            <xpdl:DataField Id="12" Name="검토자" IsArray="false">
              <xpdl:DataType>
                <xpdl:BasicType Type="string"/>
              </xpdl:DataType>
            </xpdl:DataField>
            <xpdl:DataField Id="142" Name="첨부파일" IsArray="false">
              <xpdl:DataType>
                <xpdl:BasicType Type="string"/>
              </xpdl:DataType>
            </xpdl:DataField>
            <xpdl:DataField Id="535" Name="기안제목" IsArray="false">
              <xpdl:DataType>
                <xpdl:BasicType Type="null"/>
              </xpdl:DataType>
            </xpdl:DataField>
          </xpdl:DataFields>
          <xpdl:Assignments/>
          <xpdl:NodeGraphicsInfos>
            <xpdl:NodeGraphicsInfo Width="78" Height="39" BorderColor="0" FillColor="10860750" TextColor="4342852" Shadow="true" Gradient="true" LaneId="2">
              <xpdl:Coordinates XCoordinate="109" YCoordinate="274"/>
            </xpdl:NodeGraphicsInfo>
          </xpdl:NodeGraphicsInfos>
        </xpdl:Activity>
        <xpdl:Activity StartActivity="false" PerformerName="승인자" Id="9" Name="승인자 결재">
          <xpdl:Implementation>
            <xpdl:Task>
              <xpdl:TaskApplication Id="WorkListManager" Name="frm_5aeb1a53f9cf439dbe83693be9e27624" FormName="승인자 결재" Version="1" UserTaskType="" ApprovalRequired="false"/>
            </xpdl:Task>
          </xpdl:Implementation>
          <xpdl:Performers>
            <xpdl:Performer>76</xpdl:Performer>
          </xpdl:Performers>
          <xpdl:DataFields>
            <xpdl:DataField Id="4" Name="승인여부" IsArray="false">
              <xpdl:DataType>
                <xpdl:BasicType Type="null"/>
              </xpdl:DataType>
            </xpdl:DataField>
            <xpdl:DataField Id="8" Name="승인자 의견" IsArray="false">
              <xpdl:DataType>
                <xpdl:BasicType Type="null"/>
              </xpdl:DataType>
            </xpdl:DataField>
            <xpdl:DataField Id="12" Name="검토자" IsArray="false">
              <xpdl:DataType>
                <xpdl:BasicType Type="null"/>
              </xpdl:DataType>
            </xpdl:DataField>
            <xpdl:DataField Id="16" Name="대표이사" IsArray="false">
              <xpdl:DataType>
                <xpdl:BasicType Type="null"/>
              </xpdl:DataType>
            </xpdl:DataField>
          </xpdl:DataFields>
          <xpdl:Assignments/>
          <xpdl:NodeGraphicsInfos>
            <xpdl:NodeGraphicsInfo Width="80" Height="40" BorderColor="0" FillColor="10860750" TextColor="4342852" Shadow="true" Gradient="true" LaneId="1">
              <xpdl:Coordinates XCoordinate="108" YCoordinate="120"/>
            </xpdl:NodeGraphicsInfo>
          </xpdl:NodeGraphicsInfos>
        </xpdl:Activity>
        <xpdl:Activity StartActivity="false" PerformerName="" Id="10" Name="Xor10">
          <xpdl:Route GatewayType="XOR"/>
          <xpdl:Performers/>
          <xpdl:DataFields/>
          <xpdl:Assignments/>
          <xpdl:TransitionRestrictions>
            <xpdl:TransitionRestriction>
              <xpdl:Join Type="XOR" IncomingCondition=""/>
              <xpdl:Split Type="XOR" OutgoingCondition="">
                <xpdl:TransitionRefs>
                  <xpdl:TransitionRef Id="235" Name="대표이사"/>
                  <xpdl:TransitionRef Id="236" Name="검토자"/>
                </xpdl:TransitionRefs>
              </xpdl:Split>
            </xpdl:TransitionRestriction>
          </xpdl:TransitionRestrictions>
          <xpdl:NodeGraphicsInfos>
            <xpdl:NodeGraphicsInfo Width="50" Height="50" BorderColor="0" FillColor="10860750" TextColor="4342852" Shadow="true" Gradient="true" LaneId="1">
              <xpdl:Coordinates XCoordinate="241" YCoordinate="115"/>
            </xpdl:NodeGraphicsInfo>
          </xpdl:NodeGraphicsInfos>
        </xpdl:Activity>
        <xpdl:Activity StartActivity="false" PerformerName="검토자" Id="12" Name="검토자확인">
          <xpdl:Implementation>
            <xpdl:Task>
              <xpdl:TaskApplication Id="WorkListManager" Name="frm_02d7818e8e99443c8c4a58f07a6c5ab2" FormName="검토자확인" Version="1" UserTaskType="" ApprovalRequired="false"/>
            </xpdl:Task>
          </xpdl:Implementation>
          <xpdl:Performers>
            <xpdl:Performer>12</xpdl:Performer>
          </xpdl:Performers>
          <xpdl:DataFields>
            <xpdl:DataField Id="4" Name="검토의견" IsArray="false">
              <xpdl:DataType>
                <xpdl:BasicType Type="text"/>
              </xpdl:DataType>
            </xpdl:DataField>
            <xpdl:DataField Id="82" Name="대표이사" IsArray="false">
              <xpdl:DataType>
                <xpdl:BasicType Type="string"/>
              </xpdl:DataType>
            </xpdl:DataField>
            <xpdl:DataField Id="12" Name="검토자" IsArray="false">
              <xpdl:DataType>
                <xpdl:BasicType Type="string"/>
              </xpdl:DataType>
            </xpdl:DataField>
          </xpdl:DataFields>
          <xpdl:Assignments/>
          <xpdl:NodeGraphicsInfos>
            <xpdl:NodeGraphicsInfo Width="80" Height="40" BorderColor="0" FillColor="10860750" TextColor="4342852" Shadow="true" Gradient="true" LaneId="1">
              <xpdl:Coordinates XCoordinate="347" YCoordinate="120"/>
            </xpdl:NodeGraphicsInfo>
          </xpdl:NodeGraphicsInfos>
        </xpdl:Activity>
        <xpdl:Activity StartActivity="false" PerformerName="대표이사" Id="13" Name="대표이사승인">
          <xpdl:Implementation>
            <xpdl:Task>
              <xpdl:TaskApplication Id="WorkListManager" Name="frm_b6ce4e4827f8454eb975cf485172a1cb" FormName="대표이사승인" Version="1" UserTaskType="" ApprovalRequired="false"/>
            </xpdl:Task>
          </xpdl:Implementation>
          <xpdl:Performers>
            <xpdl:Performer>16</xpdl:Performer>
          </xpdl:Performers>
          <xpdl:DataFields>
            <xpdl:DataField Id="4" Name="검토의견" IsArray="false">
              <xpdl:DataType>
                <xpdl:BasicType Type="text"/>
              </xpdl:DataType>
            </xpdl:DataField>
          </xpdl:DataFields>
          <xpdl:Assignments/>
          <xpdl:NodeGraphicsInfos>
            <xpdl:NodeGraphicsInfo Width="80" Height="40" BorderColor="0" FillColor="10860750" TextColor="4342852" Shadow="true" Gradient="true" LaneId="0">
              <xpdl:Coordinates XCoordinate="347" YCoordinate="21.5"/>
            </xpdl:NodeGraphicsInfo>
          </xpdl:NodeGraphicsInfos>
        </xpdl:Activity>
        <xpdl:Activity StartActivity="false" PerformerName="" Id="14" Name="결재완료">
          <xpdl:Route GatewayType="XOR"/>
          <xpdl:Performers/>
          <xpdl:DataFields/>
          <xpdl:Assignments/>
          <xpdl:TransitionRestrictions>
            <xpdl:TransitionRestriction>
              <xpdl:Split Type="XOR" OutgoingCondition="">
                <xpdl:TransitionRefs>
                  <xpdl:TransitionRef Id="63" Name="기안자에게로 반려"/>
                  <xpdl:TransitionRef Id="238" Name=""/>
                </xpdl:TransitionRefs>
              </xpdl:Split>
            </xpdl:TransitionRestriction>
          </xpdl:TransitionRestrictions>
          <xpdl:NodeGraphicsInfos>
            <xpdl:NodeGraphicsInfo Width="50" Height="50" BorderColor="0" FillColor="10860750" TextColor="4342852" Shadow="true" Gradient="true" LaneId="0">
              <xpdl:Coordinates XCoordinate="471" YCoordinate="16"/>
            </xpdl:NodeGraphicsInfo>
          </xpdl:NodeGraphicsInfos>
        </xpdl:Activity>
        <xpdl:Activity StartActivity="false" PerformerName="" Id="16" Name="End16">
          <xpdl:Event>
            <xpdl:EndEvent Result="null"/>
          </xpdl:Event>
          <xpdl:Performers/>
          <xpdl:DataFields/>
          <xpdl:Assignments/>
          <xpdl:NodeGraphicsInfos>
            <xpdl:NodeGraphicsInfo Width="30" Height="30" BorderColor="0" FillColor="10860750" TextColor="4342852" Shadow="true" Gradient="true" LaneId="0">
              <xpdl:Coordinates XCoordinate="566" YCoordinate="26.5"/>
            </xpdl:NodeGraphicsInfo>
          </xpdl:NodeGraphicsInfos>
        </xpdl:Activity>
        <xpdl:Activity StartActivity="false" PerformerName="" Id="102" Name="End102">
          <xpdl:Event>
            <xpdl:EndEvent Result="null"/>
          </xpdl:Event>
          <xpdl:Performers/>
          <xpdl:DataFields/>
          <xpdl:Assignments/>
          <xpdl:NodeGraphicsInfos>
            <xpdl:NodeGraphicsInfo Width="30" Height="30" BorderColor="0" FillColor="10860750" TextColor="4342852" Shadow="true" Gradient="true" LaneId="2">
              <xpdl:Coordinates XCoordinate="27" YCoordinate="210"/>
            </xpdl:NodeGraphicsInfo>
          </xpdl:NodeGraphicsInfos>
        </xpdl:Activity>
        <xpdl:Activity StartActivity="false" PerformerName="" Id="103" Name="Xor103">
          <xpdl:Route GatewayType="XOR"/>
          <xpdl:Performers/>
          <xpdl:DataFields/>
          <xpdl:Assignments/>
          <xpdl:TransitionRestrictions>
            <xpdl:TransitionRestriction>
              <xpdl:Split Type="XOR" OutgoingCondition="">
                <xpdl:TransitionRefs>
                  <xpdl:TransitionRef Id="251" Name="승인자"/>
                  <xpdl:TransitionRef Id="252" Name="기안취소"/>
                  <xpdl:TransitionRef Id="254" Name=""/>
                </xpdl:TransitionRefs>
              </xpdl:Split>
            </xpdl:TransitionRestriction>
          </xpdl:TransitionRestrictions>
          <xpdl:NodeGraphicsInfos>
            <xpdl:NodeGraphicsInfo Width="50" Height="50" BorderColor="0" FillColor="10860750" TextColor="4342852" Shadow="true" Gradient="true" LaneId="2">
              <xpdl:Coordinates XCoordinate="123" YCoordinate="200"/>
            </xpdl:NodeGraphicsInfo>
          </xpdl:NodeGraphicsInfos>
        </xpdl:Activity>
      </xpdl:Activities>
      <xpdl:Transitions>
        <xpdl:Transition Id="4" Name="" From="1" To="2">
          <xpdl:Description/>
          <xpdl:Condition Type="CONDITION">
            <xpdl:Expression ScriptGrammar="javascript"/>
          </xpdl:Condition>
          <xpdl:ConnectorGraphicsInfos>
            <xpdl:ConnectorGraphicsInfo Path="90,270" TextPos="0,0"/>
          </xpdl:ConnectorGraphicsInfos>
        </xpdl:Transition>
        <xpdl:Transition Id="15" Name="" From="13" To="14">
          <xpdl:Description/>
          <xpdl:Condition Type="CONDITION">
            <xpdl:Expression ScriptGrammar="javascript"/>
          </xpdl:Condition>
          <xpdl:ConnectorGraphicsInfos>
            <xpdl:ConnectorGraphicsInfo Path="90,270" TextPos="0,0"/>
          </xpdl:ConnectorGraphicsInfos>
        </xpdl:Transition>
        <xpdl:Transition Id="63" Name="기안자에게로 반려" From="14" To="2">
          <xpdl:Description/>
          <xpdl:Condition Type="CONDITION">
            <xpdl:Expression ScriptGrammar="javascript">{$ActivityData.13.12.승인여부} = ''기안자에게로 반려''</xpdl:Expression>
          </xpdl:Condition>
          <xpdl:ConnectorGraphicsInfos>
            <xpdl:ConnectorGraphicsInfo Path="180,90" TextPos="0,0"/>
          </xpdl:ConnectorGraphicsInfos>
        </xpdl:Transition>
        <xpdl:Transition Id="106" Name="" From="2" To="103">
          <xpdl:Description/>
          <xpdl:Condition Type="CONDITION">
            <xpdl:Expression ScriptGrammar="javascript"/>
          </xpdl:Condition>
          <xpdl:ConnectorGraphicsInfos>
            <xpdl:ConnectorGraphicsInfo Path="0,180" TextPos="0,0"/>
          </xpdl:ConnectorGraphicsInfos>
        </xpdl:Transition>
        <xpdl:Transition Id="234" Name="" From="9" To="10">
          <xpdl:Description/>
          <xpdl:Condition Type="CONDITION">
            <xpdl:Expression ScriptGrammar="javascript"/>
          </xpdl:Condition>
          <xpdl:ConnectorGraphicsInfos>
            <xpdl:ConnectorGraphicsInfo Path="90,270" TextPos="0,0"/>
          </xpdl:ConnectorGraphicsInfos>
        </xpdl:Transition>
        <xpdl:Transition Id="235" Name="대표이사" From="10" To="13">
          <xpdl:Description/>
          <xpdl:Condition Type="OTHERWISE">
            <xpdl:Expression ScriptGrammar="javascript">{$ActivityData.9.12.검토자} = ''''</xpdl:Expression>
          </xpdl:Condition>
          <xpdl:ConnectorGraphicsInfos>
            <xpdl:ConnectorGraphicsInfo Path="0,270" TextPos="0,0"/>
          </xpdl:ConnectorGraphicsInfos>
        </xpdl:Transition>
        <xpdl:Transition Id="236" Name="검토자" From="10" To="12">
          <xpdl:Description/>
          <xpdl:Condition Type="CONDITION">
            <xpdl:Expression ScriptGrammar="javascript">{$ActivityData.9.12.검토자} != ''''</xpdl:Expression>
          </xpdl:Condition>
          <xpdl:ConnectorGraphicsInfos>
            <xpdl:ConnectorGraphicsInfo Path="90,270" TextPos="0,0"/>
          </xpdl:ConnectorGraphicsInfos>
        </xpdl:Transition>
        <xpdl:Transition Id="237" Name="" From="12" To="13">
          <xpdl:Description/>
          <xpdl:Condition Type="CONDITION">
            <xpdl:Expression ScriptGrammar="javascript"/>
          </xpdl:Condition>
          <xpdl:ConnectorGraphicsInfos>
            <xpdl:ConnectorGraphicsInfo Path="0,180" TextPos="0,0"/>
          </xpdl:ConnectorGraphicsInfos>
        </xpdl:Transition>
        <xpdl:Transition Id="238" Name="" From="14" To="16">
          <xpdl:Description/>
          <xpdl:Condition Type="OTHERWISE">
            <xpdl:Expression ScriptGrammar="javascript">{$ActivityData.13.12.승인여부} = ''승인''</xpdl:Expression>
          </xpdl:Condition>
          <xpdl:ConnectorGraphicsInfos>
            <xpdl:ConnectorGraphicsInfo Path="90,270" TextPos="0,0"/>
          </xpdl:ConnectorGraphicsInfos>
        </xpdl:Transition>
        <xpdl:Transition Id="251" Name="승인자" From="103" To="9">
          <xpdl:Description/>
          <xpdl:Condition Type="CONDITION">
            <xpdl:Expression ScriptGrammar="javascript">{$ActivityData.2.466.기안 취소} = ''false'' &amp;&amp; {$ActivityData.2.8.승인자} != ''''</xpdl:Expression>
          </xpdl:Condition>
          <xpdl:ConnectorGraphicsInfos>
            <xpdl:ConnectorGraphicsInfo Path="0,180" TextPos="0,0"/>
          </xpdl:ConnectorGraphicsInfos>
        </xpdl:Transition>
        <xpdl:Transition Id="252" Name="기안취소" From="103" To="102">
          <xpdl:Description/>
          <xpdl:Condition Type="OTHERWISE">
            <xpdl:Expression ScriptGrammar="javascript">{$ActivityData.2.466.기안 취소} = ''true''</xpdl:Expression>
          </xpdl:Condition>
          <xpdl:ConnectorGraphicsInfos>
            <xpdl:ConnectorGraphicsInfo Path="270,90" TextPos="0,0"/>
          </xpdl:ConnectorGraphicsInfos>
        </xpdl:Transition>
        <xpdl:Transition Id="254" Name="" From="103" To="10">
          <xpdl:Description/>
          <xpdl:Condition Type="CONDITION">
            <xpdl:Expression ScriptGrammar="javascript">{$ActivityData.2.466.기안 취소} = ''false'' &amp;&amp; {$ActivityData.2.8.승인자} = ''''</xpdl:Expression>
          </xpdl:Condition>
          <xpdl:ConnectorGraphicsInfos>
            <xpdl:ConnectorGraphicsInfo Path="90,180" TextPos="0,0"/>
          </xpdl:ConnectorGraphicsInfos>
        </xpdl:Transition>
      </xpdl:Transitions>
    </xpdl:WorkflowProcess>
  </xpdl:WorkflowProcesses>
  <xpdl:Artifacts/>
</xpdl:Package>', NULL);

INSERT INTO TskTaskDef (tskObjId, tskName, tskCreateUser, tskCreateDate, tskModifyUser, tskModifyDate, tskStatus, tskCorr, tskType, tskPrcInstId, tskTitle, tskDesc, tskPriority, tskDoc, tskAssigner, tskAssignee, tskAssignDate, tskDueDate, tskForm, tskMultiInstOrder, tskMultiInstFlowCond) values ('pkg_cf3b0087995f4f99a41c93e2fe95b22d|prc_28f6b70603b3465982240da1ff800ea2|1', '시작', 'admin', getdate(), 'admin', getdate(), NULL, NULL, 'route', NULL, NULL, NULL, NULL, NULL, NULL, NULL, NULL, NULL, NULL, NULL, NULL);
INSERT INTO TskTaskDef (tskObjId, tskName, tskCreateUser, tskCreateDate, tskModifyUser, tskModifyDate, tskStatus, tskCorr, tskType, tskPrcInstId, tskTitle, tskDesc, tskPriority, tskDoc, tskAssigner, tskAssignee, tskAssignDate, tskDueDate, tskForm, tskMultiInstOrder, tskMultiInstFlowCond) values ('pkg_cf3b0087995f4f99a41c93e2fe95b22d|prc_28f6b70603b3465982240da1ff800ea2|10', 'Xor10', 'admin', getdate(), 'admin', getdate(), NULL, NULL, 'xor', NULL, NULL, NULL, NULL, NULL, NULL, NULL, NULL, NULL, NULL, NULL, NULL);
INSERT INTO TskTaskDef (tskObjId, tskName, tskCreateUser, tskCreateDate, tskModifyUser, tskModifyDate, tskStatus, tskCorr, tskType, tskPrcInstId, tskTitle, tskDesc, tskPriority, tskDoc, tskAssigner, tskAssignee, tskAssignDate, tskDueDate, tskForm, tskMultiInstOrder, tskMultiInstFlowCond) values ('pkg_cf3b0087995f4f99a41c93e2fe95b22d|prc_28f6b70603b3465982240da1ff800ea2|102', 'End102', 'admin', getdate(), 'admin', getdate(), NULL, NULL, 'route', NULL, NULL, NULL, NULL, NULL, NULL, NULL, NULL, NULL, NULL, NULL, NULL);
INSERT INTO TskTaskDef (tskObjId, tskName, tskCreateUser, tskCreateDate, tskModifyUser, tskModifyDate, tskStatus, tskCorr, tskType, tskPrcInstId, tskTitle, tskDesc, tskPriority, tskDoc, tskAssigner, tskAssignee, tskAssignDate, tskDueDate, tskForm, tskMultiInstOrder, tskMultiInstFlowCond) values ('pkg_cf3b0087995f4f99a41c93e2fe95b22d|prc_28f6b70603b3465982240da1ff800ea2|103', 'Xor103', 'admin', getdate(), 'admin', getdate(), NULL, NULL, 'xor', NULL, NULL, NULL, NULL, NULL, NULL, NULL, NULL, NULL, NULL, NULL, NULL);
INSERT INTO TskTaskDef (tskObjId, tskName, tskCreateUser, tskCreateDate, tskModifyUser, tskModifyDate, tskStatus, tskCorr, tskType, tskPrcInstId, tskTitle, tskDesc, tskPriority, tskDoc, tskAssigner, tskAssignee, tskAssignDate, tskDueDate, tskForm, tskMultiInstOrder, tskMultiInstFlowCond) values ('pkg_cf3b0087995f4f99a41c93e2fe95b22d|prc_28f6b70603b3465982240da1ff800ea2|12', '검토자확인', 'admin', getdate(), 'admin', getdate(), NULL, NULL, 'COMMON', NULL, NULL, NULL, NULL, NULL, NULL, '12', NULL, NULL, 'frm_02d7818e8e99443c8c4a58f07a6c5ab2', NULL, NULL);
INSERT INTO TskTaskDef (tskObjId, tskName, tskCreateUser, tskCreateDate, tskModifyUser, tskModifyDate, tskStatus, tskCorr, tskType, tskPrcInstId, tskTitle, tskDesc, tskPriority, tskDoc, tskAssigner, tskAssignee, tskAssignDate, tskDueDate, tskForm, tskMultiInstOrder, tskMultiInstFlowCond) values ('pkg_cf3b0087995f4f99a41c93e2fe95b22d|prc_28f6b70603b3465982240da1ff800ea2|13', '대표이사승인', 'admin', getdate(), 'admin', getdate(), NULL, NULL, 'COMMON', NULL, NULL, NULL, NULL, NULL, NULL, '16', NULL, NULL, 'frm_b6ce4e4827f8454eb975cf485172a1cb', NULL, NULL);
INSERT INTO TskTaskDef (tskObjId, tskName, tskCreateUser, tskCreateDate, tskModifyUser, tskModifyDate, tskStatus, tskCorr, tskType, tskPrcInstId, tskTitle, tskDesc, tskPriority, tskDoc, tskAssigner, tskAssignee, tskAssignDate, tskDueDate, tskForm, tskMultiInstOrder, tskMultiInstFlowCond) values ('pkg_cf3b0087995f4f99a41c93e2fe95b22d|prc_28f6b70603b3465982240da1ff800ea2|14', '결재완료', 'admin', getdate(), 'admin', getdate(), NULL, NULL, 'xor', NULL, NULL, NULL, NULL, NULL, NULL, NULL, NULL, NULL, NULL, NULL, NULL);
INSERT INTO TskTaskDef (tskObjId, tskName, tskCreateUser, tskCreateDate, tskModifyUser, tskModifyDate, tskStatus, tskCorr, tskType, tskPrcInstId, tskTitle, tskDesc, tskPriority, tskDoc, tskAssigner, tskAssignee, tskAssignDate, tskDueDate, tskForm, tskMultiInstOrder, tskMultiInstFlowCond) values ('pkg_cf3b0087995f4f99a41c93e2fe95b22d|prc_28f6b70603b3465982240da1ff800ea2|16', 'End16', 'admin', getdate(), 'admin', getdate(), NULL, NULL, 'route', NULL, NULL, NULL, NULL, NULL, NULL, NULL, NULL, NULL, NULL, NULL, NULL);
INSERT INTO TskTaskDef (tskObjId, tskName, tskCreateUser, tskCreateDate, tskModifyUser, tskModifyDate, tskStatus, tskCorr, tskType, tskPrcInstId, tskTitle, tskDesc, tskPriority, tskDoc, tskAssigner, tskAssignee, tskAssignDate, tskDueDate, tskForm, tskMultiInstOrder, tskMultiInstFlowCond) values ('pkg_cf3b0087995f4f99a41c93e2fe95b22d|prc_28f6b70603b3465982240da1ff800ea2|2', '기안품의', 'admin', getdate(), 'admin', getdate(), NULL, NULL, 'COMMON', NULL, NULL, NULL, NULL, NULL, NULL, '4', NULL, NULL, 'frm_c19b1fe4bceb4732acbb8a4cd2a57474', NULL, NULL);
INSERT INTO TskTaskDef (tskObjId, tskName, tskCreateUser, tskCreateDate, tskModifyUser, tskModifyDate, tskStatus, tskCorr, tskType, tskPrcInstId, tskTitle, tskDesc, tskPriority, tskDoc, tskAssigner, tskAssignee, tskAssignDate, tskDueDate, tskForm, tskMultiInstOrder, tskMultiInstFlowCond) values ('pkg_cf3b0087995f4f99a41c93e2fe95b22d|prc_28f6b70603b3465982240da1ff800ea2|9', '승인자 결재', 'admin', getdate(), 'admin', getdate(), NULL, NULL, 'COMMON', NULL, NULL, NULL, NULL, NULL, NULL, '76', NULL, NULL, 'frm_5aeb1a53f9cf439dbe83693be9e27624', NULL, NULL);

INSERT INTO TskTaskDefExtProp (tskObjId, tskName, tskValue, tskSeq) values ('pkg_cf3b0087995f4f99a41c93e2fe95b22d|prc_28f6b70603b3465982240da1ff800ea2|1', 'diagramId', 'pkg_cf3b0087995f4f99a41c93e2fe95b22d', '0');
INSERT INTO TskTaskDefExtProp (tskObjId, tskName, tskValue, tskSeq) values ('pkg_cf3b0087995f4f99a41c93e2fe95b22d|prc_28f6b70603b3465982240da1ff800ea2|1', 'diagramVersion', '1', '1');
INSERT INTO TskTaskDefExtProp (tskObjId, tskName, tskValue, tskSeq) values ('pkg_cf3b0087995f4f99a41c93e2fe95b22d|prc_28f6b70603b3465982240da1ff800ea2|1', 'processId', 'prc_28f6b70603b3465982240da1ff800ea2', '2');
INSERT INTO TskTaskDefExtProp (tskObjId, tskName, tskValue, tskSeq) values ('pkg_cf3b0087995f4f99a41c93e2fe95b22d|prc_28f6b70603b3465982240da1ff800ea2|1', 'activityId', '1', '3');
INSERT INTO TskTaskDefExtProp (tskObjId, tskName, tskValue, tskSeq) values ('pkg_cf3b0087995f4f99a41c93e2fe95b22d|prc_28f6b70603b3465982240da1ff800ea2|10', 'diagramId', 'pkg_cf3b0087995f4f99a41c93e2fe95b22d', '0');
INSERT INTO TskTaskDefExtProp (tskObjId, tskName, tskValue, tskSeq) values ('pkg_cf3b0087995f4f99a41c93e2fe95b22d|prc_28f6b70603b3465982240da1ff800ea2|10', 'diagramVersion', '1', '1');
INSERT INTO TskTaskDefExtProp (tskObjId, tskName, tskValue, tskSeq) values ('pkg_cf3b0087995f4f99a41c93e2fe95b22d|prc_28f6b70603b3465982240da1ff800ea2|10', 'processId', 'prc_28f6b70603b3465982240da1ff800ea2', '2');
INSERT INTO TskTaskDefExtProp (tskObjId, tskName, tskValue, tskSeq) values ('pkg_cf3b0087995f4f99a41c93e2fe95b22d|prc_28f6b70603b3465982240da1ff800ea2|10', 'activityId', '10', '3');
INSERT INTO TskTaskDefExtProp (tskObjId, tskName, tskValue, tskSeq) values ('pkg_cf3b0087995f4f99a41c93e2fe95b22d|prc_28f6b70603b3465982240da1ff800ea2|102', 'diagramId', 'pkg_cf3b0087995f4f99a41c93e2fe95b22d', '0');
INSERT INTO TskTaskDefExtProp (tskObjId, tskName, tskValue, tskSeq) values ('pkg_cf3b0087995f4f99a41c93e2fe95b22d|prc_28f6b70603b3465982240da1ff800ea2|102', 'diagramVersion', '1', '1');
INSERT INTO TskTaskDefExtProp (tskObjId, tskName, tskValue, tskSeq) values ('pkg_cf3b0087995f4f99a41c93e2fe95b22d|prc_28f6b70603b3465982240da1ff800ea2|102', 'processId', 'prc_28f6b70603b3465982240da1ff800ea2', '2');
INSERT INTO TskTaskDefExtProp (tskObjId, tskName, tskValue, tskSeq) values ('pkg_cf3b0087995f4f99a41c93e2fe95b22d|prc_28f6b70603b3465982240da1ff800ea2|102', 'activityId', '102', '3');
INSERT INTO TskTaskDefExtProp (tskObjId, tskName, tskValue, tskSeq) values ('pkg_cf3b0087995f4f99a41c93e2fe95b22d|prc_28f6b70603b3465982240da1ff800ea2|103', 'diagramId', 'pkg_cf3b0087995f4f99a41c93e2fe95b22d', '0');
INSERT INTO TskTaskDefExtProp (tskObjId, tskName, tskValue, tskSeq) values ('pkg_cf3b0087995f4f99a41c93e2fe95b22d|prc_28f6b70603b3465982240da1ff800ea2|103', 'diagramVersion', '1', '1');
INSERT INTO TskTaskDefExtProp (tskObjId, tskName, tskValue, tskSeq) values ('pkg_cf3b0087995f4f99a41c93e2fe95b22d|prc_28f6b70603b3465982240da1ff800ea2|103', 'processId', 'prc_28f6b70603b3465982240da1ff800ea2', '2');
INSERT INTO TskTaskDefExtProp (tskObjId, tskName, tskValue, tskSeq) values ('pkg_cf3b0087995f4f99a41c93e2fe95b22d|prc_28f6b70603b3465982240da1ff800ea2|103', 'activityId', '103', '3');
INSERT INTO TskTaskDefExtProp (tskObjId, tskName, tskValue, tskSeq) values ('pkg_cf3b0087995f4f99a41c93e2fe95b22d|prc_28f6b70603b3465982240da1ff800ea2|12', 'diagramId', 'pkg_cf3b0087995f4f99a41c93e2fe95b22d', '0');
INSERT INTO TskTaskDefExtProp (tskObjId, tskName, tskValue, tskSeq) values ('pkg_cf3b0087995f4f99a41c93e2fe95b22d|prc_28f6b70603b3465982240da1ff800ea2|12', 'diagramVersion', '1', '1');
INSERT INTO TskTaskDefExtProp (tskObjId, tskName, tskValue, tskSeq) values ('pkg_cf3b0087995f4f99a41c93e2fe95b22d|prc_28f6b70603b3465982240da1ff800ea2|12', 'processId', 'prc_28f6b70603b3465982240da1ff800ea2', '2');
INSERT INTO TskTaskDefExtProp (tskObjId, tskName, tskValue, tskSeq) values ('pkg_cf3b0087995f4f99a41c93e2fe95b22d|prc_28f6b70603b3465982240da1ff800ea2|12', 'activityId', '12', '3');
INSERT INTO TskTaskDefExtProp (tskObjId, tskName, tskValue, tskSeq) values ('pkg_cf3b0087995f4f99a41c93e2fe95b22d|prc_28f6b70603b3465982240da1ff800ea2|13', 'diagramId', 'pkg_cf3b0087995f4f99a41c93e2fe95b22d', '0');
INSERT INTO TskTaskDefExtProp (tskObjId, tskName, tskValue, tskSeq) values ('pkg_cf3b0087995f4f99a41c93e2fe95b22d|prc_28f6b70603b3465982240da1ff800ea2|13', 'diagramVersion', '1', '1');
INSERT INTO TskTaskDefExtProp (tskObjId, tskName, tskValue, tskSeq) values ('pkg_cf3b0087995f4f99a41c93e2fe95b22d|prc_28f6b70603b3465982240da1ff800ea2|13', 'processId', 'prc_28f6b70603b3465982240da1ff800ea2', '2');
INSERT INTO TskTaskDefExtProp (tskObjId, tskName, tskValue, tskSeq) values ('pkg_cf3b0087995f4f99a41c93e2fe95b22d|prc_28f6b70603b3465982240da1ff800ea2|13', 'activityId', '13', '3');
INSERT INTO TskTaskDefExtProp (tskObjId, tskName, tskValue, tskSeq) values ('pkg_cf3b0087995f4f99a41c93e2fe95b22d|prc_28f6b70603b3465982240da1ff800ea2|14', 'diagramId', 'pkg_cf3b0087995f4f99a41c93e2fe95b22d', '0');
INSERT INTO TskTaskDefExtProp (tskObjId, tskName, tskValue, tskSeq) values ('pkg_cf3b0087995f4f99a41c93e2fe95b22d|prc_28f6b70603b3465982240da1ff800ea2|14', 'diagramVersion', '1', '1');
INSERT INTO TskTaskDefExtProp (tskObjId, tskName, tskValue, tskSeq) values ('pkg_cf3b0087995f4f99a41c93e2fe95b22d|prc_28f6b70603b3465982240da1ff800ea2|14', 'processId', 'prc_28f6b70603b3465982240da1ff800ea2', '2');
INSERT INTO TskTaskDefExtProp (tskObjId, tskName, tskValue, tskSeq) values ('pkg_cf3b0087995f4f99a41c93e2fe95b22d|prc_28f6b70603b3465982240da1ff800ea2|14', 'activityId', '14', '3');
INSERT INTO TskTaskDefExtProp (tskObjId, tskName, tskValue, tskSeq) values ('pkg_cf3b0087995f4f99a41c93e2fe95b22d|prc_28f6b70603b3465982240da1ff800ea2|16', 'diagramId', 'pkg_cf3b0087995f4f99a41c93e2fe95b22d', '0');
INSERT INTO TskTaskDefExtProp (tskObjId, tskName, tskValue, tskSeq) values ('pkg_cf3b0087995f4f99a41c93e2fe95b22d|prc_28f6b70603b3465982240da1ff800ea2|16', 'diagramVersion', '1', '1');
INSERT INTO TskTaskDefExtProp (tskObjId, tskName, tskValue, tskSeq) values ('pkg_cf3b0087995f4f99a41c93e2fe95b22d|prc_28f6b70603b3465982240da1ff800ea2|16', 'processId', 'prc_28f6b70603b3465982240da1ff800ea2', '2');
INSERT INTO TskTaskDefExtProp (tskObjId, tskName, tskValue, tskSeq) values ('pkg_cf3b0087995f4f99a41c93e2fe95b22d|prc_28f6b70603b3465982240da1ff800ea2|16', 'activityId', '16', '3');
INSERT INTO TskTaskDefExtProp (tskObjId, tskName, tskValue, tskSeq) values ('pkg_cf3b0087995f4f99a41c93e2fe95b22d|prc_28f6b70603b3465982240da1ff800ea2|2', 'diagramId', 'pkg_cf3b0087995f4f99a41c93e2fe95b22d', '0');
INSERT INTO TskTaskDefExtProp (tskObjId, tskName, tskValue, tskSeq) values ('pkg_cf3b0087995f4f99a41c93e2fe95b22d|prc_28f6b70603b3465982240da1ff800ea2|2', 'diagramVersion', '1', '1');
INSERT INTO TskTaskDefExtProp (tskObjId, tskName, tskValue, tskSeq) values ('pkg_cf3b0087995f4f99a41c93e2fe95b22d|prc_28f6b70603b3465982240da1ff800ea2|2', 'processId', 'prc_28f6b70603b3465982240da1ff800ea2', '2');
INSERT INTO TskTaskDefExtProp (tskObjId, tskName, tskValue, tskSeq) values ('pkg_cf3b0087995f4f99a41c93e2fe95b22d|prc_28f6b70603b3465982240da1ff800ea2|2', 'activityId', '2', '3');
INSERT INTO TskTaskDefExtProp (tskObjId, tskName, tskValue, tskSeq) values ('pkg_cf3b0087995f4f99a41c93e2fe95b22d|prc_28f6b70603b3465982240da1ff800ea2|2', 'startActivity', 'true', '4');
INSERT INTO TskTaskDefExtProp (tskObjId, tskName, tskValue, tskSeq) values ('pkg_cf3b0087995f4f99a41c93e2fe95b22d|prc_28f6b70603b3465982240da1ff800ea2|9', 'diagramId', 'pkg_cf3b0087995f4f99a41c93e2fe95b22d', '0');
INSERT INTO TskTaskDefExtProp (tskObjId, tskName, tskValue, tskSeq) values ('pkg_cf3b0087995f4f99a41c93e2fe95b22d|prc_28f6b70603b3465982240da1ff800ea2|9', 'diagramVersion', '1', '1');
INSERT INTO TskTaskDefExtProp (tskObjId, tskName, tskValue, tskSeq) values ('pkg_cf3b0087995f4f99a41c93e2fe95b22d|prc_28f6b70603b3465982240da1ff800ea2|9', 'processId', 'prc_28f6b70603b3465982240da1ff800ea2', '2');
INSERT INTO TskTaskDefExtProp (tskObjId, tskName, tskValue, tskSeq) values ('pkg_cf3b0087995f4f99a41c93e2fe95b22d|prc_28f6b70603b3465982240da1ff800ea2|9', 'activityId', '9', '3');


INSERT INTO SwForm (id, packageId, formId, version, name, type, status, publishMode, keyword, creator, createdTime, modifier, modifiedTime, ownerDept, owner, encoding, description, content) values ('5e6caf381f26b928011f37cbba8b04cb', 'pkg_cf3b0087995f4f99a41c93e2fe95b22d', 'frm_c19b1fe4bceb4732acbb8a4cd2a57474', '1', '기안품의', 'PROCESS', 'DEPLOYED', NULL, NULL, 'ysjung@maninsoft.co.kr', getdate(), 'jisook@maninsoft.co.kr', getdate(), NULL, NULL, NULL, '', '<form id="frm_c19b1fe4bceb4732acbb8a4cd2a57474" version="1" name="기안품의">
  <children>
    <formEntity id="4" name="기안자" systemType="string" required="true" system="false">
      <children/>
      <mappings>
        <pre>
          <mapping name="사용자.현재 사용자" type="mapping_form" eachTime="false" mappingFormType="system_form" mappingFormId="user" formName="사용자" fieldId="mis:getCurrentUser" fieldName="현재 사용자" valueFunc="value"></mapping>
          <mapping name="근태계기안.기안자" type="mapping_form" eachTime="false" mappingFormType="process_form" mappingFormId="frm_c19b1fe4bceb4732acbb8a4cd2a57474" formName="근태계기안" fieldId="4" fieldName="기안자" valueFunc="value"></mapping>
        </pre>
        <post/>
      </mappings>
      <format type="userField" viewingType="userField"></format>
      <graphic hidden="false" readOnly="false" labelWidth="80" contentWidth="130" height="23" cellSize="1" fitWidth="false" verticalScrollPolicy="true"/>
    </formEntity>
    <formEntity id="8" name="승인자" systemType="string" required="false" system="false">
      <children/>
      <mappings>
        <pre>
          <mapping name="근태계기안.승인자" type="mapping_form" eachTime="false" mappingFormType="process_form" mappingFormId="frm_c19b1fe4bceb4732acbb8a4cd2a57474" formName="근태계기안" fieldId="8" fieldName="승인자" valueFunc="value"></mapping>
        </pre>
        <post/>
      </mappings>
      <format type="userField" viewingType="userField"></format>
      <graphic hidden="false" readOnly="false" labelWidth="80" contentWidth="130" height="23" cellSize="1" fitWidth="false" verticalScrollPolicy="true"/>
    </formEntity>
    <formEntity id="12" name="검토자" systemType="string" required="false" system="false">
      <children/>
      <mappings>
        <pre>
          <mapping name="근태계기안.검토자" type="mapping_form" eachTime="false" mappingFormType="process_form" mappingFormId="frm_c19b1fe4bceb4732acbb8a4cd2a57474" formName="근태계기안" fieldId="12" fieldName="검토자" valueFunc="value"></mapping>
        </pre>
        <post/>
      </mappings>
      <format type="userField" viewingType="userField"></format>
      <graphic hidden="false" readOnly="false" labelWidth="80" contentWidth="130" height="23" cellSize="1" fitWidth="false" verticalScrollPolicy="true"/>
    </formEntity>
    <formEntity id="16" name="대표이사" systemType="string" required="true" system="false">
      <children/>
      <mappings>
        <pre>
          <mapping name="근태계기안.대표이사" type="mapping_form" eachTime="false" mappingFormType="process_form" mappingFormId="frm_c19b1fe4bceb4732acbb8a4cd2a57474" formName="근태계기안" fieldId="16" fieldName="대표이사" valueFunc="value"></mapping>
        </pre>
        <post/>
      </mappings>
      <format type="userField" viewingType="userField"></format>
      <graphic hidden="false" readOnly="false" labelWidth="80" contentWidth="130" height="23" cellSize="1" fitWidth="false" verticalScrollPolicy="true"/>
    </formEntity>
    <formEntity id="92" name="내용" systemType="text" required="true" system="false">
      <children/>
      <mappings>
        <pre>
          <mapping name="근태계기안.사유" type="mapping_form" eachTime="false" mappingFormType="process_form" mappingFormId="frm_c19b1fe4bceb4732acbb8a4cd2a57474" formName="근태계기안" fieldId="92" fieldName="사유" valueFunc="value"></mapping>
        </pre>
        <post/>
      </mappings>
      <format type="richEditor" viewingType="richEditor"></format>
      <graphic hidden="false" readOnly="false" labelWidth="80" contentWidth="500" height="314" cellSize="1" fitWidth="false" verticalScrollPolicy="true"/>
    </formEntity>
    <formEntity id="142" name="첨부파일" systemType="string" required="false" system="false">
      <children/>
      <mappings>
        <pre>
          <mapping name="근태계기안.첨부파일" type="mapping_form" eachTime="false" mappingFormType="process_form" mappingFormId="frm_c19b1fe4bceb4732acbb8a4cd2a57474" formName="근태계기안" fieldId="142" fieldName="첨부파일" valueFunc="value"></mapping>
        </pre>
        <post/>
      </mappings>
      <format type="fileField" viewingType="fileField"></format>
      <graphic hidden="false" readOnly="false" labelWidth="80" contentWidth="275" height="22" cellSize="1" fitWidth="false" verticalScrollPolicy="true"/>
    </formEntity>
    <formEntity id="466" name="기안 취소" systemType="boolean" required="false" system="false">
      <children/>
      <format type="checkBox" viewingType="checkBox"></format>
      <graphic hidden="false" readOnly="false" labelWidth="80" contentWidth="65" height="23" cellSize="1" fitWidth="false" verticalScrollPolicy="true"/>
    </formEntity>
    <formEntity id="535" name="기안제목" systemType="string" required="true" system="false">
      <children/>
      <mappings>
        <pre>
          <mapping name="기안품의.기안제목" type="mapping_form" eachTime="false" mappingFormType="process_form" mappingFormId="frm_c19b1fe4bceb4732acbb8a4cd2a57474" formName="기안품의" fieldId="535" fieldName="기안제목" valueFunc="value"></mapping>
        </pre>
        <post/>
      </mappings>
      <format type="textInput" viewingType="textInput"></format>
      <graphic hidden="false" readOnly="false" labelWidth="80" contentWidth="190" height="23" cellSize="1" fitWidth="false" verticalScrollPolicy="true"/>
    </formEntity>
  </children>
  <mappingForms/>
  <layout type="grid_layout">
    <columns>
      <gridColumn size="358.5" labelSize="80"/>
      <gridColumn size="358.5" labelSize="80"/>
    </columns>
    <gridRow size="30">
      <gridCell size="358.5" span="1" fieldId="4"/>
      <gridCell size="358.5" span="1" fieldId="8"/>
    </gridRow>
    <gridRow size="30">
      <gridCell size="358.5" span="1" fieldId="12"/>
      <gridCell size="358.5" span="1" fieldId="16"/>
    </gridRow>
    <gridRow size="30">
      <gridCell size="358.5" span="2" fieldId=""/>
    </gridRow>
    <gridRow size="30">
      <gridCell size="358.5" span="2" fieldId="535"/>
    </gridRow>
    <gridRow size="321">
      <gridCell size="358.5" span="2" fieldId="92"/>
    </gridRow>
    <gridRow size="30">
      <gridCell size="358.5" span="2" fieldId="466"/>
    </gridRow>
    <gridRow size="29.5">
      <gridCell size="358.5" span="2" fieldId="142"/>
    </gridRow>
  </layout>
  <graphic width="760" height="611" currentEntityNum="664" currentMappingNum="0">
    <space head="20" left="20" right="20" top="20" bottom="20"/>
  </graphic>
</form>');
INSERT INTO SwForm (id, packageId, formId, version, name, type, status, publishMode, keyword, creator, createdTime, modifier, modifiedTime, ownerDept, owner, encoding, description, content) values ('5e6caf381f26b928011f37cbba9b04cd', 'pkg_cf3b0087995f4f99a41c93e2fe95b22d', 'frm_02d7818e8e99443c8c4a58f07a6c5ab2', '1', '검토자확인', 'PROCESS', 'DEPLOYED', NULL, NULL, 'ysjung@maninsoft.co.kr', getdate(), 'jisook@maninsoft.co.kr', getdate(), NULL, NULL, NULL, '', '<form id="frm_02d7818e8e99443c8c4a58f07a6c5ab2" version="1" name="검토자확인">
  <children>
    <formEntity id="4" name="검토의견" systemType="text" required="true" system="false">
      <children/>
      <format type="richEditor" viewingType="richEditor"></format>
      <graphic hidden="false" readOnly="false" labelWidth="80" contentWidth="500" height="183" cellSize="1" fitWidth="false" verticalScrollPolicy="true"/>
    </formEntity>
    <formEntity id="12" name="검토자" systemType="string" required="false" system="false">
      <children/>
      <mappings>
        <pre>
          <mapping name="근태계기안.검토자" type="mapping_form" eachTime="false" mappingFormType="process_form" mappingFormId="frm_c19b1fe4bceb4732acbb8a4cd2a57474" formName="근태계기안" fieldId="12" fieldName="검토자" valueFunc="value"></mapping>
        </pre>
        <post/>
      </mappings>
      <format type="userField" viewingType="userField"></format>
      <graphic hidden="true" readOnly="false" labelWidth="80" contentWidth="130" height="23" cellSize="1" fitWidth="false" verticalScrollPolicy="true"/>
    </formEntity>
    <formEntity id="82" name="대표이사" systemType="string" required="false" system="false">
      <children/>
      <mappings>
        <pre>
          <mapping name="근태계기안.대표이사" type="mapping_form" eachTime="false" mappingFormType="process_form" mappingFormId="frm_c19b1fe4bceb4732acbb8a4cd2a57474" formName="근태계기안" fieldId="16" fieldName="대표이사" valueFunc="value"></mapping>
        </pre>
        <post/>
      </mappings>
      <format type="userField" viewingType="userField"></format>
      <graphic hidden="true" readOnly="false" labelWidth="80" contentWidth="130" height="23" cellSize="1" fitWidth="false" verticalScrollPolicy="true"/>
    </formEntity>
  </children>
  <mappingForms/>
  <layout type="grid_layout">
    <columns>
      <gridColumn size="358.5" labelSize="80"/>
      <gridColumn size="358.5" labelSize="80"/>
    </columns>
    <gridRow size="190.5">
      <gridCell size="358.5" span="2" fieldId="4"/>
    </gridRow>
    <gridRow size="30">
      <gridCell size="0" span="1" fieldId="12"/>
      <gridCell size="0" span="1" fieldId="82"/>
    </gridRow>
  </layout>
  <graphic width="760" height="500" currentEntityNum="111" currentMappingNum="0">
    <space head="20" left="20" right="20" top="20" bottom="20"/>
  </graphic>
</form>');
INSERT INTO SwForm (id, packageId, formId, version, name, type, status, publishMode, keyword, creator, createdTime, modifier, modifiedTime, ownerDept, owner, encoding, description, content) values ('5e6caf381f26b928011f37cbba9b04cf', 'pkg_cf3b0087995f4f99a41c93e2fe95b22d', 'frm_b6ce4e4827f8454eb975cf485172a1cb', '1', '대표이사승인', 'PROCESS', 'DEPLOYED', NULL, NULL, 'ysjung@maninsoft.co.kr', getdate(), 'jisook@maninsoft.co.kr', getdate(), NULL, NULL, NULL, '', '<form id="frm_b6ce4e4827f8454eb975cf485172a1cb" version="1" name="대표이사승인">
  <children>
    <formEntity id="4" name="대표이사의견" systemType="text" required="true" system="false">
      <children/>
      <format type="richEditor" viewingType="richEditor"></format>
      <graphic hidden="false" readOnly="false" labelWidth="80" contentWidth="500" height="190" cellSize="1" fitWidth="false" verticalScrollPolicy="true"/>
    </formEntity>
    <formEntity id="12" name="승인여부" systemType="string" required="true" system="false">
      <children/>
      <format type="radioButton" viewingType="radioButton">
        <list type="" refCodeCategoryId="null" refCodeCategoryName="null" listType="static">
          <staticItems>
            <staticItem>승인</staticItem>
            <staticItem>기안자에게로 반려</staticItem>
          </staticItems>
        </list>
      </format>
      <graphic hidden="false" readOnly="false" labelWidth="80" contentWidth="220" height="23" cellSize="1" fitWidth="false" verticalScrollPolicy="true"/>
    </formEntity>
    <formEntity id="16" name="대표이사" systemType="string" required="false" system="false">
      <children/>
      <mappings>
        <pre>
          <mapping name="근태계기안.대표이사" type="mapping_form" eachTime="false" mappingFormType="process_form" mappingFormId="frm_c19b1fe4bceb4732acbb8a4cd2a57474" formName="근태계기안" fieldId="16" fieldName="대표이사" valueFunc="value"></mapping>
        </pre>
        <post/>
      </mappings>
      <format type="userField" viewingType="userField"></format>
      <graphic hidden="true" readOnly="false" labelWidth="80" contentWidth="130" height="23" cellSize="1" fitWidth="false" verticalScrollPolicy="true"/>
    </formEntity>
  </children>
  <mappingForms/>
  <layout type="grid_layout">
    <columns>
      <gridColumn size="358.5" labelSize="80"/>
      <gridColumn size="358.5" labelSize="80"/>
    </columns>
    <gridRow size="30">
      <gridCell size="0" span="2" fieldId="12"/>
    </gridRow>
    <gridRow size="197.5">
      <gridCell size="358.5" span="2" fieldId="4"/>
    </gridRow>
    <gridRow size="30">
      <gridCell size="0" span="1" fieldId="16"/>
      <gridCell size="0" span="1" fieldId=""/>
    </gridRow>
  </layout>
  <graphic width="760" height="500" currentEntityNum="52" currentMappingNum="0">
    <space head="20" left="20" right="20" top="20" bottom="20"/>
  </graphic>
</form>');
INSERT INTO SwForm (id, packageId, formId, version, name, type, status, publishMode, keyword, creator, createdTime, modifier, modifiedTime, ownerDept, owner, encoding, description, content) values ('5e6caf381f26b928011f37cbbaaa04d1', 'pkg_cf3b0087995f4f99a41c93e2fe95b22d', 'frm_5aeb1a53f9cf439dbe83693be9e27624', '1', '승인자 결재', 'PROCESS', 'DEPLOYED', NULL, NULL, 'ysjung@maninsoft.co.kr', getdate(), 'jisook@maninsoft.co.kr', getdate(), NULL, NULL, NULL, '', '<form id="frm_5aeb1a53f9cf439dbe83693be9e27624" version="1" name="승인자 결재">
  <children>
    <formEntity id="4" name="승인여부" systemType="string" required="true" system="false">
      <children/>
      <format type="radioButton" viewingType="radioButton">
        <list type="" refCodeCategoryId="null" refCodeCategoryName="null" listType="static">
          <staticItems>
            <staticItem>승인</staticItem>
            <staticItem>반려</staticItem>
          </staticItems>
        </list>
      </format>
      <graphic hidden="false" readOnly="false" labelWidth="80" contentWidth="220" height="25" cellSize="1" fitWidth="false" verticalScrollPolicy="true"/>
    </formEntity>
    <formEntity id="8" name="승인자 의견" systemType="text" required="true" system="false">
      <children/>
      <format type="richEditor" viewingType="richEditor"></format>
      <graphic hidden="false" readOnly="false" labelWidth="80" contentWidth="500" height="183" cellSize="1" fitWidth="false" verticalScrollPolicy="true"/>
    </formEntity>
    <formEntity id="12" name="검토자" systemType="string" required="false" system="false">
      <children/>
      <mappings>
        <pre>
          <mapping name="근태계기안.검토자" type="mapping_form" eachTime="false" mappingFormType="process_form" mappingFormId="frm_c19b1fe4bceb4732acbb8a4cd2a57474" formName="근태계기안" fieldId="12" fieldName="검토자" valueFunc="value"></mapping>
        </pre>
        <post/>
      </mappings>
      <format type="userField" viewingType="userField"></format>
      <graphic hidden="true" readOnly="false" labelWidth="80" contentWidth="130" height="23" cellSize="1" fitWidth="false" verticalScrollPolicy="true"/>
    </formEntity>
    <formEntity id="16" name="대표이사" systemType="string" required="false" system="false">
      <children/>
      <mappings>
        <pre>
          <mapping name="근태계기안.대표이사" type="mapping_form" eachTime="false" mappingFormType="process_form" mappingFormId="frm_c19b1fe4bceb4732acbb8a4cd2a57474" formName="근태계기안" fieldId="16" fieldName="대표이사" valueFunc="value"></mapping>
        </pre>
        <post/>
      </mappings>
      <format type="userField" viewingType="userField"></format>
      <graphic hidden="true" readOnly="false" labelWidth="80" contentWidth="130" height="23" cellSize="1" fitWidth="false" verticalScrollPolicy="true"/>
    </formEntity>
    <formEntity id="76" name="승인자" systemType="string" required="false" system="false">
      <children/>
      <mappings>
        <pre>
          <mapping name="근태계기안.승인자" type="mapping_form" eachTime="false" mappingFormType="process_form" mappingFormId="frm_c19b1fe4bceb4732acbb8a4cd2a57474" formName="근태계기안" fieldId="8" fieldName="승인자" valueFunc="value"></mapping>
        </pre>
        <post/>
      </mappings>
      <format type="userField" viewingType="userField"></format>
      <graphic hidden="true" readOnly="false" labelWidth="80" contentWidth="130" height="23" cellSize="1" fitWidth="false" verticalScrollPolicy="true"/>
    </formEntity>
  </children>
  <mappingForms/>
  <layout type="grid_layout">
    <columns>
      <gridColumn size="358.5" labelSize="80"/>
      <gridColumn size="358.5" labelSize="80"/>
    </columns>
    <gridRow size="190.5">
      <gridCell size="358.5" span="2" fieldId="8"/>
    </gridRow>
    <gridRow size="30">
      <gridCell size="358.5" span="1" fieldId="76"/>
      <gridCell size="358.5" span="1" fieldId=""/>
    </gridRow>
    <gridRow size="30">
      <gridCell size="358.5" span="1" fieldId="12"/>
      <gridCell size="358.5" span="1" fieldId="16"/>
    </gridRow>
  </layout>
  <graphic width="760" height="500" currentEntityNum="162" currentMappingNum="0">
    <space head="20" left="20" right="20" top="20" bottom="20"/>
  </graphic>
</form>');

INSERT INTO SwProcess (id, packageId, processId, version, name, status, publishMode, keyword, creator, createdTime, modifier, modifiedTime, ownerDept, owner, encoding, description, content) values ('5e6caf381f26b928011f37cbba6c04ca', 'pkg_cf3b0087995f4f99a41c93e2fe95b22d', 'prc_28f6b70603b3465982240da1ff800ea2', '1', '일반기안', 'DEPLOYED', NULL, NULL, 'ysjung@maninsoft.co.kr', getdate(), 'jisook@maninsoft.co.kr', getdate(), NULL, NULL, NULL, '근태를위한 기안서품의에서 승인자, 검토자 및 대표이사 승인의 결재업무를 통해서 근태이력을 남기고 개인별 근태현황을 작성 및 관리하는 프로세스업무입니다.', '<xpdl:Package Id="pkg_cf3b0087995f4f99a41c93e2fe95b22d" Name="일반기안" xmlns:xpdl="http://www.wfmc.org/2004/XPDL2.0alpha">
  <xpdl:PackageHeader>
    <xpdl:XPDLVersion>2.0</xpdl:XPDLVersion>
    <xpdl:Vendor>ManInSoft</xpdl:Vendor>
    <xpdl:Created>Tue Feb 03 01:21:52 KST 2009</xpdl:Created>
    <xpdl:Description>null</xpdl:Description>
  </xpdl:PackageHeader>
  <xpdl:RedefinableHeader>
    <xpdl:Author>ysjung@maninsoft.co.kr</xpdl:Author>
    <xpdl:Version>1</xpdl:Version>
    <xpdl:Codepage>UTF-8</xpdl:Codepage>
    <xpdl:Countrykey>KR</xpdl:Countrykey>
  </xpdl:RedefinableHeader>
  <xpdl:Script Type="null" Version="null" Grammar="null"/>
  <xpdl:Pools>
    <xpdl:Pool Orientation="HORIZONTAL" Process="null" BoundaryVisible="false" Id="0" Name="프로세스">
      <xpdl:Lanes>
        <xpdl:Lane Id="0" Name="대표이사" ParentLane="0">
          <xpdl:NodeGraphicsInfos>
            <xpdl:NodeGraphicsInfo Page="0" Height="90" Width="21" BorderColor="0" FillColor="16777215" HeadColor="13421772"/>
          </xpdl:NodeGraphicsInfos>
        </xpdl:Lane>
        <xpdl:Lane Id="1" Name="승인 및 검토" ParentLane="0">
          <xpdl:NodeGraphicsInfos>
            <xpdl:NodeGraphicsInfo Page="0" Height="99" Width="21" BorderColor="0" FillColor="16777215" HeadColor="13421772"/>
          </xpdl:NodeGraphicsInfos>
        </xpdl:Lane>
        <xpdl:Lane Id="2" Name="기안자" ParentLane="0">
          <xpdl:NodeGraphicsInfos>
            <xpdl:NodeGraphicsInfo Page="0" Height="142" Width="21" BorderColor="0" FillColor="16777215" HeadColor="13421772"/>
          </xpdl:NodeGraphicsInfos>
        </xpdl:Lane>
      </xpdl:Lanes>
      <xpdl:NodeGraphicsInfos>
        <xpdl:NodeGraphicsInfo Width="676" Height="331" BorderColor="0" FillColor="10066329" TextColor="0" Shadow="false" Gradient="false">
          <xpdl:Coordinates XCoordinate="10" YCoordinate="10"/>
        </xpdl:NodeGraphicsInfo>
      </xpdl:NodeGraphicsInfos>
    </xpdl:Pool>
  </xpdl:Pools>
  <xpdl:WorkflowProcesses>
    <xpdl:WorkflowProcess Id="prc_28f6b70603b3465982240da1ff800ea2" Name="일반기안" AccessLevel="null" Status="null">
      <xpdl:ProcessHeader DurationUnit="null">
        <xpdl:Created>null</xpdl:Created>
        <xpdl:Description/>
      </xpdl:ProcessHeader>
      <xpdl:RedefinableHeader>
        <xpdl:Author>null</xpdl:Author>
        <xpdl:Version>null</xpdl:Version>
        <xpdl:Codepage>null</xpdl:Codepage>
        <xpdl:Countrykey>null</xpdl:Countrykey>
      </xpdl:RedefinableHeader>
      <xpdl:Activities>
        <xpdl:Activity StartActivity="false" PerformerName="" Id="1" Name="시작">
          <xpdl:Event>
            <xpdl:StartEvent Trigger="None"/>
          </xpdl:Event>
          <xpdl:Performers/>
          <xpdl:DataFields/>
          <xpdl:Assignments/>
          <xpdl:NodeGraphicsInfos>
            <xpdl:NodeGraphicsInfo Width="30" Height="30" BorderColor="0" FillColor="10860750" TextColor="0" Shadow="true" Gradient="true" LaneId="2">
              <xpdl:Coordinates XCoordinate="27" YCoordinate="278"/>
            </xpdl:NodeGraphicsInfo>
          </xpdl:NodeGraphicsInfos>
        </xpdl:Activity>
        <xpdl:Activity StartActivity="true" PerformerName="기안자" Id="2" Name="기안품의">
          <xpdl:Implementation>
            <xpdl:Task>
              <xpdl:TaskApplication Id="WorkListManager" Name="frm_c19b1fe4bceb4732acbb8a4cd2a57474" FormName="기안품의" Version="1" UserTaskType="" ApprovalRequired="false"/>
            </xpdl:Task>
          </xpdl:Implementation>
          <xpdl:Performers>
            <xpdl:Performer>4</xpdl:Performer>
          </xpdl:Performers>
          <xpdl:DataFields>
            <xpdl:DataField Id="92" Name="내용" IsArray="false">
              <xpdl:DataType>
                <xpdl:BasicType Type="text"/>
              </xpdl:DataType>
            </xpdl:DataField>
            <xpdl:DataField Id="16" Name="대표이사" IsArray="false">
              <xpdl:DataType>
                <xpdl:BasicType Type="string"/>
              </xpdl:DataType>
            </xpdl:DataField>
            <xpdl:DataField Id="466" Name="기안 취소" IsArray="false">
              <xpdl:DataType>
                <xpdl:BasicType Type="boolean"/>
              </xpdl:DataType>
            </xpdl:DataField>
            <xpdl:DataField Id="4" Name="기안자" IsArray="false">
              <xpdl:DataType>
                <xpdl:BasicType Type="string"/>
              </xpdl:DataType>
            </xpdl:DataField>
            <xpdl:DataField Id="8" Name="승인자" IsArray="false">
              <xpdl:DataType>
                <xpdl:BasicType Type="string"/>
              </xpdl:DataType>
            </xpdl:DataField>
            <xpdl:DataField Id="12" Name="검토자" IsArray="false">
              <xpdl:DataType>
                <xpdl:BasicType Type="string"/>
              </xpdl:DataType>
            </xpdl:DataField>
            <xpdl:DataField Id="142" Name="첨부파일" IsArray="false">
              <xpdl:DataType>
                <xpdl:BasicType Type="string"/>
              </xpdl:DataType>
            </xpdl:DataField>
            <xpdl:DataField Id="535" Name="기안제목" IsArray="false">
              <xpdl:DataType>
                <xpdl:BasicType Type="null"/>
              </xpdl:DataType>
            </xpdl:DataField>
          </xpdl:DataFields>
          <xpdl:Assignments/>
          <xpdl:NodeGraphicsInfos>
            <xpdl:NodeGraphicsInfo Width="78" Height="39" BorderColor="0" FillColor="10860750" TextColor="4342852" Shadow="true" Gradient="true" LaneId="2">
              <xpdl:Coordinates XCoordinate="109" YCoordinate="274"/>
            </xpdl:NodeGraphicsInfo>
          </xpdl:NodeGraphicsInfos>
        </xpdl:Activity>
        <xpdl:Activity StartActivity="false" PerformerName="승인자" Id="9" Name="승인자 결재">
          <xpdl:Implementation>
            <xpdl:Task>
              <xpdl:TaskApplication Id="WorkListManager" Name="frm_5aeb1a53f9cf439dbe83693be9e27624" FormName="승인자 결재" Version="1" UserTaskType="" ApprovalRequired="false"/>
            </xpdl:Task>
          </xpdl:Implementation>
          <xpdl:Performers>
            <xpdl:Performer>76</xpdl:Performer>
          </xpdl:Performers>
          <xpdl:DataFields>
            <xpdl:DataField Id="4" Name="승인여부" IsArray="false">
              <xpdl:DataType>
                <xpdl:BasicType Type="null"/>
              </xpdl:DataType>
            </xpdl:DataField>
            <xpdl:DataField Id="8" Name="승인자 의견" IsArray="false">
              <xpdl:DataType>
                <xpdl:BasicType Type="null"/>
              </xpdl:DataType>
            </xpdl:DataField>
            <xpdl:DataField Id="12" Name="검토자" IsArray="false">
              <xpdl:DataType>
                <xpdl:BasicType Type="null"/>
              </xpdl:DataType>
            </xpdl:DataField>
            <xpdl:DataField Id="16" Name="대표이사" IsArray="false">
              <xpdl:DataType>
                <xpdl:BasicType Type="null"/>
              </xpdl:DataType>
            </xpdl:DataField>
          </xpdl:DataFields>
          <xpdl:Assignments/>
          <xpdl:NodeGraphicsInfos>
            <xpdl:NodeGraphicsInfo Width="80" Height="40" BorderColor="0" FillColor="10860750" TextColor="4342852" Shadow="true" Gradient="true" LaneId="1">
              <xpdl:Coordinates XCoordinate="108" YCoordinate="120"/>
            </xpdl:NodeGraphicsInfo>
          </xpdl:NodeGraphicsInfos>
        </xpdl:Activity>
        <xpdl:Activity StartActivity="false" PerformerName="" Id="10" Name="Xor10">
          <xpdl:Route GatewayType="XOR"/>
          <xpdl:Performers/>
          <xpdl:DataFields/>
          <xpdl:Assignments/>
          <xpdl:TransitionRestrictions>
            <xpdl:TransitionRestriction>
              <xpdl:Join Type="XOR" IncomingCondition=""/>
              <xpdl:Split Type="XOR" OutgoingCondition="">
                <xpdl:TransitionRefs>
                  <xpdl:TransitionRef Id="235" Name="대표이사"/>
                  <xpdl:TransitionRef Id="236" Name="검토자"/>
                </xpdl:TransitionRefs>
              </xpdl:Split>
            </xpdl:TransitionRestriction>
          </xpdl:TransitionRestrictions>
          <xpdl:NodeGraphicsInfos>
            <xpdl:NodeGraphicsInfo Width="50" Height="50" BorderColor="0" FillColor="10860750" TextColor="4342852" Shadow="true" Gradient="true" LaneId="1">
              <xpdl:Coordinates XCoordinate="241" YCoordinate="115"/>
            </xpdl:NodeGraphicsInfo>
          </xpdl:NodeGraphicsInfos>
        </xpdl:Activity>
        <xpdl:Activity StartActivity="false" PerformerName="검토자" Id="12" Name="검토자확인">
          <xpdl:Implementation>
            <xpdl:Task>
              <xpdl:TaskApplication Id="WorkListManager" Name="frm_02d7818e8e99443c8c4a58f07a6c5ab2" FormName="검토자확인" Version="1" UserTaskType="" ApprovalRequired="false"/>
            </xpdl:Task>
          </xpdl:Implementation>
          <xpdl:Performers>
            <xpdl:Performer>12</xpdl:Performer>
          </xpdl:Performers>
          <xpdl:DataFields>
            <xpdl:DataField Id="4" Name="검토의견" IsArray="false">
              <xpdl:DataType>
                <xpdl:BasicType Type="text"/>
              </xpdl:DataType>
            </xpdl:DataField>
            <xpdl:DataField Id="82" Name="대표이사" IsArray="false">
              <xpdl:DataType>
                <xpdl:BasicType Type="string"/>
              </xpdl:DataType>
            </xpdl:DataField>
            <xpdl:DataField Id="12" Name="검토자" IsArray="false">
              <xpdl:DataType>
                <xpdl:BasicType Type="string"/>
              </xpdl:DataType>
            </xpdl:DataField>
          </xpdl:DataFields>
          <xpdl:Assignments/>
          <xpdl:NodeGraphicsInfos>
            <xpdl:NodeGraphicsInfo Width="80" Height="40" BorderColor="0" FillColor="10860750" TextColor="4342852" Shadow="true" Gradient="true" LaneId="1">
              <xpdl:Coordinates XCoordinate="347" YCoordinate="120"/>
            </xpdl:NodeGraphicsInfo>
          </xpdl:NodeGraphicsInfos>
        </xpdl:Activity>
        <xpdl:Activity StartActivity="false" PerformerName="대표이사" Id="13" Name="대표이사승인">
          <xpdl:Implementation>
            <xpdl:Task>
              <xpdl:TaskApplication Id="WorkListManager" Name="frm_b6ce4e4827f8454eb975cf485172a1cb" FormName="대표이사승인" Version="1" UserTaskType="" ApprovalRequired="false"/>
            </xpdl:Task>
          </xpdl:Implementation>
          <xpdl:Performers>
            <xpdl:Performer>16</xpdl:Performer>
          </xpdl:Performers>
          <xpdl:DataFields>
            <xpdl:DataField Id="4" Name="검토의견" IsArray="false">
              <xpdl:DataType>
                <xpdl:BasicType Type="text"/>
              </xpdl:DataType>
            </xpdl:DataField>
          </xpdl:DataFields>
          <xpdl:Assignments/>
          <xpdl:NodeGraphicsInfos>
            <xpdl:NodeGraphicsInfo Width="80" Height="40" BorderColor="0" FillColor="10860750" TextColor="4342852" Shadow="true" Gradient="true" LaneId="0">
              <xpdl:Coordinates XCoordinate="347" YCoordinate="21.5"/>
            </xpdl:NodeGraphicsInfo>
          </xpdl:NodeGraphicsInfos>
        </xpdl:Activity>
        <xpdl:Activity StartActivity="false" PerformerName="" Id="14" Name="결재완료">
          <xpdl:Route GatewayType="XOR"/>
          <xpdl:Performers/>
          <xpdl:DataFields/>
          <xpdl:Assignments/>
          <xpdl:TransitionRestrictions>
            <xpdl:TransitionRestriction>
              <xpdl:Split Type="XOR" OutgoingCondition="">
                <xpdl:TransitionRefs>
                  <xpdl:TransitionRef Id="63" Name="기안자에게로 반려"/>
                  <xpdl:TransitionRef Id="238" Name=""/>
                </xpdl:TransitionRefs>
              </xpdl:Split>
            </xpdl:TransitionRestriction>
          </xpdl:TransitionRestrictions>
          <xpdl:NodeGraphicsInfos>
            <xpdl:NodeGraphicsInfo Width="50" Height="50" BorderColor="0" FillColor="10860750" TextColor="4342852" Shadow="true" Gradient="true" LaneId="0">
              <xpdl:Coordinates XCoordinate="471" YCoordinate="16"/>
            </xpdl:NodeGraphicsInfo>
          </xpdl:NodeGraphicsInfos>
        </xpdl:Activity>
        <xpdl:Activity StartActivity="false" PerformerName="" Id="16" Name="End16">
          <xpdl:Event>
            <xpdl:EndEvent Result="null"/>
          </xpdl:Event>
          <xpdl:Performers/>
          <xpdl:DataFields/>
          <xpdl:Assignments/>
          <xpdl:NodeGraphicsInfos>
            <xpdl:NodeGraphicsInfo Width="30" Height="30" BorderColor="0" FillColor="10860750" TextColor="4342852" Shadow="true" Gradient="true" LaneId="0">
              <xpdl:Coordinates XCoordinate="566" YCoordinate="26.5"/>
            </xpdl:NodeGraphicsInfo>
          </xpdl:NodeGraphicsInfos>
        </xpdl:Activity>
        <xpdl:Activity StartActivity="false" PerformerName="" Id="102" Name="End102">
          <xpdl:Event>
            <xpdl:EndEvent Result="null"/>
          </xpdl:Event>
          <xpdl:Performers/>
          <xpdl:DataFields/>
          <xpdl:Assignments/>
          <xpdl:NodeGraphicsInfos>
            <xpdl:NodeGraphicsInfo Width="30" Height="30" BorderColor="0" FillColor="10860750" TextColor="4342852" Shadow="true" Gradient="true" LaneId="2">
              <xpdl:Coordinates XCoordinate="27" YCoordinate="210"/>
            </xpdl:NodeGraphicsInfo>
          </xpdl:NodeGraphicsInfos>
        </xpdl:Activity>
        <xpdl:Activity StartActivity="false" PerformerName="" Id="103" Name="Xor103">
          <xpdl:Route GatewayType="XOR"/>
          <xpdl:Performers/>
          <xpdl:DataFields/>
          <xpdl:Assignments/>
          <xpdl:TransitionRestrictions>
            <xpdl:TransitionRestriction>
              <xpdl:Split Type="XOR" OutgoingCondition="">
                <xpdl:TransitionRefs>
                  <xpdl:TransitionRef Id="251" Name="승인자"/>
                  <xpdl:TransitionRef Id="252" Name="기안취소"/>
                  <xpdl:TransitionRef Id="254" Name=""/>
                </xpdl:TransitionRefs>
              </xpdl:Split>
            </xpdl:TransitionRestriction>
          </xpdl:TransitionRestrictions>
          <xpdl:NodeGraphicsInfos>
            <xpdl:NodeGraphicsInfo Width="50" Height="50" BorderColor="0" FillColor="10860750" TextColor="4342852" Shadow="true" Gradient="true" LaneId="2">
              <xpdl:Coordinates XCoordinate="123" YCoordinate="200"/>
            </xpdl:NodeGraphicsInfo>
          </xpdl:NodeGraphicsInfos>
        </xpdl:Activity>
      </xpdl:Activities>
      <xpdl:Transitions>
        <xpdl:Transition Id="4" Name="" From="1" To="2">
          <xpdl:Description/>
          <xpdl:Condition Type="CONDITION">
            <xpdl:Expression ScriptGrammar="javascript"/>
          </xpdl:Condition>
          <xpdl:ConnectorGraphicsInfos>
            <xpdl:ConnectorGraphicsInfo Path="90,270" TextPos="0,0"/>
          </xpdl:ConnectorGraphicsInfos>
        </xpdl:Transition>
        <xpdl:Transition Id="15" Name="" From="13" To="14">
          <xpdl:Description/>
          <xpdl:Condition Type="CONDITION">
            <xpdl:Expression ScriptGrammar="javascript"/>
          </xpdl:Condition>
          <xpdl:ConnectorGraphicsInfos>
            <xpdl:ConnectorGraphicsInfo Path="90,270" TextPos="0,0"/>
          </xpdl:ConnectorGraphicsInfos>
        </xpdl:Transition>
        <xpdl:Transition Id="63" Name="기안자에게로 반려" From="14" To="2">
          <xpdl:Description/>
          <xpdl:Condition Type="CONDITION">
            <xpdl:Expression ScriptGrammar="javascript">{$ActivityData.13.12.승인여부} = ''기안자에게로 반려''</xpdl:Expression>
          </xpdl:Condition>
          <xpdl:ConnectorGraphicsInfos>
            <xpdl:ConnectorGraphicsInfo Path="180,90" TextPos="0,0"/>
          </xpdl:ConnectorGraphicsInfos>
        </xpdl:Transition>
        <xpdl:Transition Id="106" Name="" From="2" To="103">
          <xpdl:Description/>
          <xpdl:Condition Type="CONDITION">
            <xpdl:Expression ScriptGrammar="javascript"/>
          </xpdl:Condition>
          <xpdl:ConnectorGraphicsInfos>
            <xpdl:ConnectorGraphicsInfo Path="0,180" TextPos="0,0"/>
          </xpdl:ConnectorGraphicsInfos>
        </xpdl:Transition>
        <xpdl:Transition Id="234" Name="" From="9" To="10">
          <xpdl:Description/>
          <xpdl:Condition Type="CONDITION">
            <xpdl:Expression ScriptGrammar="javascript"/>
          </xpdl:Condition>
          <xpdl:ConnectorGraphicsInfos>
            <xpdl:ConnectorGraphicsInfo Path="90,270" TextPos="0,0"/>
          </xpdl:ConnectorGraphicsInfos>
        </xpdl:Transition>
        <xpdl:Transition Id="235" Name="대표이사" From="10" To="13">
          <xpdl:Description/>
          <xpdl:Condition Type="OTHERWISE">
            <xpdl:Expression ScriptGrammar="javascript">{$ActivityData.9.12.검토자} = ''''</xpdl:Expression>
          </xpdl:Condition>
          <xpdl:ConnectorGraphicsInfos>
            <xpdl:ConnectorGraphicsInfo Path="0,270" TextPos="0,0"/>
          </xpdl:ConnectorGraphicsInfos>
        </xpdl:Transition>
        <xpdl:Transition Id="236" Name="검토자" From="10" To="12">
          <xpdl:Description/>
          <xpdl:Condition Type="CONDITION">
            <xpdl:Expression ScriptGrammar="javascript">{$ActivityData.9.12.검토자} != ''''</xpdl:Expression>
          </xpdl:Condition>
          <xpdl:ConnectorGraphicsInfos>
            <xpdl:ConnectorGraphicsInfo Path="90,270" TextPos="0,0"/>
          </xpdl:ConnectorGraphicsInfos>
        </xpdl:Transition>
        <xpdl:Transition Id="237" Name="" From="12" To="13">
          <xpdl:Description/>
          <xpdl:Condition Type="CONDITION">
            <xpdl:Expression ScriptGrammar="javascript"/>
          </xpdl:Condition>
          <xpdl:ConnectorGraphicsInfos>
            <xpdl:ConnectorGraphicsInfo Path="0,180" TextPos="0,0"/>
          </xpdl:ConnectorGraphicsInfos>
        </xpdl:Transition>
        <xpdl:Transition Id="238" Name="" From="14" To="16">
          <xpdl:Description/>
          <xpdl:Condition Type="OTHERWISE">
            <xpdl:Expression ScriptGrammar="javascript">{$ActivityData.13.12.승인여부} = ''승인''</xpdl:Expression>
          </xpdl:Condition>
          <xpdl:ConnectorGraphicsInfos>
            <xpdl:ConnectorGraphicsInfo Path="90,270" TextPos="0,0"/>
          </xpdl:ConnectorGraphicsInfos>
        </xpdl:Transition>
        <xpdl:Transition Id="251" Name="승인자" From="103" To="9">
          <xpdl:Description/>
          <xpdl:Condition Type="CONDITION">
            <xpdl:Expression ScriptGrammar="javascript">{$ActivityData.2.466.기안 취소} = ''false'' &amp;&amp; {$ActivityData.2.8.승인자} != ''''</xpdl:Expression>
          </xpdl:Condition>
          <xpdl:ConnectorGraphicsInfos>
            <xpdl:ConnectorGraphicsInfo Path="0,180" TextPos="0,0"/>
          </xpdl:ConnectorGraphicsInfos>
        </xpdl:Transition>
        <xpdl:Transition Id="252" Name="기안취소" From="103" To="102">
          <xpdl:Description/>
          <xpdl:Condition Type="OTHERWISE">
            <xpdl:Expression ScriptGrammar="javascript">{$ActivityData.2.466.기안 취소} = ''true''</xpdl:Expression>
          </xpdl:Condition>
          <xpdl:ConnectorGraphicsInfos>
            <xpdl:ConnectorGraphicsInfo Path="270,90" TextPos="0,0"/>
          </xpdl:ConnectorGraphicsInfos>
        </xpdl:Transition>
        <xpdl:Transition Id="254" Name="" From="103" To="10">
          <xpdl:Description/>
          <xpdl:Condition Type="CONDITION">
            <xpdl:Expression ScriptGrammar="javascript">{$ActivityData.2.466.기안 취소} = ''false'' &amp;&amp; {$ActivityData.2.8.승인자} = ''''</xpdl:Expression>
          </xpdl:Condition>
          <xpdl:ConnectorGraphicsInfos>
            <xpdl:ConnectorGraphicsInfo Path="90,180" TextPos="0,0"/>
          </xpdl:ConnectorGraphicsInfos>
        </xpdl:Transition>
      </xpdl:Transitions>
    </xpdl:WorkflowProcess>
  </xpdl:WorkflowProcesses>
  <xpdl:Artifacts/>
</xpdl:Package>');
